,Contact Infectivity,Duration,Infectious,Recovered,Recovering,Succumbing,Susceptible,Total Population
0.0,0.3,5,5.0,0.0,1.0,1.5,1000.0,1000
0.125,0.3,5,5.06278024468588,0.12558710388182687,1.0125560489371759,1.518547974658442,999.8116326514322,1000
0.25,0.3,5,5.126312495760718,0.25275074822382837,1.0252624991521437,1.5373107897349187,999.6209367560153,1000
0.375,0.3,5,5.190604831673227,0.381509808798521,1.0381209663346453,1.556290563196837,999.4278853595281,1000
0.5,0.3,5,5.25566539359717,0.5118833639280006,1.0511330787194342,1.5754894242463038,999.2324512424748,1000
0.625,0.3,5,5.321502385259033,0.6438906960504983,1.0643004770518067,1.59490951310224,999.0346069186905,1000
0.75,0.3,5,5.388124072742504,0.7775512932824105,1.0776248145485008,1.6145529807725467,998.8343246339751,1000
0.875,0.3,5,5.455538784269126,0.9128848509752205,1.0911077568538252,1.6344219888161222,998.6315763647558,1000
1.0,0.3,5,5.5237549099544205,1.0499112732667073,1.104750981990884,1.654518709094467,998.426333816779,1000
1.125,0.3,5,5.592780901538801,1.1886506746258214,1.1185561803077602,1.6748453235126688,998.2185684238353,1000
1.25,0.3,5,5.662625272092568,1.3291233813905936,1.1325250544185137,1.6954040237495094,998.0082513465168,1000
1.375,0.3,5,5.733296595694273,1.471349933298419,1.1466593191388545,1.7161970109764666,997.7953534710073,1000
1.5,0.3,5,5.8048035070817265,1.6153510850080461,1.1609607014163452,1.7372264955653651,997.5798454079102,1000
1.625,0.3,5,5.8771547012749075,1.7611478076125775,1.1754309402549814,1.758494696784424,997.3616974911124,1000
1.75,0.3,5,5.950358933170022,1.908761290142778,1.1900717866340043,1.7800038424824673,997.1408797766871,1000
1.875,0.3,5,6.024425017103941,2.0582129410599523,1.2048850034207883,1.8017561687610313,996.9173620418361,1000
2.0,0.3,5,6.099361826388262,2.2095243897376564,1.2198723652776524,1.8237539196341281,996.6911137838741,1000
2.125,0.3,5,6.175178292812177,2.362717487931465,1.2350356585624354,1.8459993466754092,996.4621042192564,1000
2.25,0.3,5,6.251883406113379,2.5178143112360143,1.2503766812226758,1.8684947086524655,996.2303022826507,1000
2.375,0.3,5,6.329486213416156,2.6748371605285133,1.2658972426832311,1.8912422711480141,995.9956766260555,1000
2.5,0.3,5,6.407995818635889,2.8338085633978904,1.281599163727178,1.914244306167704,995.7581956179664,1000
2.625,0.3,5,6.487421381849088,2.9947512755587344,1.2974842763698176,1.9375030917342846,995.5178273425923,1000
2.75,0.3,5,6.5677721186281275,3.1576882822491537,1.3135544237256256,1.9610209114678696,995.2745395991229,1000
2.875,0.3,5,6.649057299339829,3.3226427996116703,1.3298114598679658,1.9848000541520303,995.0282999010487,1000
3.0,0.3,5,6.7312862484070095,3.489638276056232,1.3462572496814018,2.0088428132854563,994.7790754755371,1000
3.125,0.3,5,6.814468343532107,3.6586983936044053,1.3628936687064215,2.0331514866189058,994.5268332628638,1000
3.25,0.3,5,6.898613014882013,3.8298470692138036,1.3797226029764027,2.0577283756771916,994.2715399159044,1000
3.375,0.3,5,6.983729744233177,4.003108456081762,1.3967459488466354,2.082575785265919,994.0131617996855,1000
3.5,0.3,5,7.069828064076087,4.178506944927258,1.4139656128152174,2.1076960229627066,993.7516649909971,1000
3.625,0.3,5,7.156917556678193,4.356067165250065,1.4313835113356386,2.133091398592635,993.4870152780722,1000
3.75,0.3,5,7.245007853104332,4.535813986566069,1.4490015706208665,2.1587642236876268,993.2191781603301,1000
3.875,0.3,5,7.334108632193701,4.717772519617707,1.4668217264387402,2.1847168109295003,992.9481188481892,1000
4.0,0.3,5,7.424229619492438,4.901968117558401,1.4848459238984877,2.210951473576431,992.6738022629497,1000
4.125,0.3,5,7.515380586140831,5.088426377109889,1.5030761172281664,2.2374705248725375,992.3961930367498,1000
4.25,0.3,5,7.6075713477141615,5.277173139691303,1.5215142695428323,2.26427627744032,992.115255512595,1000
4.375,0.3,5,7.700811763016228,5.468234492518831,1.5401623526032455,2.2913710426556944,991.8309537444653,1000
4.5,0.3,5,7.795111732824528,5.661636769674755,1.5590223465649056,2.318757130005346,991.543251497501,1000
4.625,0.3,5,7.890481198586098,5.85740655314467,1.5780962397172196,2.3464368464261183,991.2521122482696,1000
4.75,0.3,5,7.986930141063009,6.0555706738216175,1.5973860282126018,2.3744124956262067,990.9574991851157,1000
4.875,0.3,5,8.08446857892648,6.25615621247589,1.6168937157852958,2.4026863773878544,990.6593752085979,1000
5.0,0.3,5,8.183106567298593,6.459190500689182,1.6366213134597185,2.43126078685131,990.3577029320124,1000
5.125,0.3,5,8.282854196240576,6.664701121751804,1.6565708392481153,2.460138013779783,990.0524446820078,1000
5.25,0.3,5,8.383721589186594,6.8727159115215795,1.676744317837319,2.48932034180513,989.7435624992921,1000
5.375,0.3,5,8.485718901322024,7.0832629592430765,1.6971437802644047,2.5188100476540294,989.4310181394352,1000
5.5,0.3,5,8.58885631790514,7.296370608325766,1.717771263581028,2.548609400354386,989.1147730737694,1000
5.625,0.3,5,8.693144052531174,7.51206745707968,1.7386288105062349,2.5787206604217148,988.7947884903895,1000
5.75,0.3,5,8.79859234533765,7.73038235940713,1.7597184690675298,2.609146079025268,988.4710252952555,1000
5.875,0.3,5,8.905211461149968,7.951344425448995,1.7810422922299936,2.639887897133659,988.1434441134012,1000
6.0,0.3,5,9.013011687566157,8.174983022184085,1.8026023375132314,2.6709483446397555,987.8120052902499,1000
6.125,0.3,5,9.122003332979693,8.401327773980036,1.8244006665959387,2.7023296394646,987.4766688930405,1000
6.25,0.3,5,9.232196724539351,8.6304085630942,1.8464393449078702,2.734033986640146,987.1373947123667,1000
6.375,0.3,5,9.343602206045002,8.862255530122932,1.8687204412090004,2.766063577370589,986.7941422638324,1000
6.5,0.3,5,9.456230135778272,9.096899074397642,1.8912460271556544,2.7984205880720743,986.4468707898245,1000
6.625,0.3,5,9.570090884266994,9.33436985432603,1.9140181768533988,2.831107179390582,986.0955392614073,1000
6.75,0.3,5,9.685194831982392,9.574698787676764,1.9370389663964782,2.8641254951977957,985.7401063803411,1000
6.875,0.3,5,9.801552366967904,9.817917051805992,1.9603104733935808,2.897477661564752,985.3805305812264,1000
7.0,0.3,5,9.919173882398606,10.064056083823886,1.9838347764797213,2.9311657857131053,985.0167700337779,1000
7.125,0.3,5,10.038069774070152,10.313147580699535,2.0076139548140306,2.965191954943818,984.6487826452308,1000
7.25,0.3,5,10.158250437816186,10.565223499302396,2.031650087563237,2.999558235543139,984.2765260628819,1000
7.375,0.3,5,10.27972626685317,10.820316056378486,2.055945253370634,3.0342666716656805,983.8999576767687,1000
7.5,0.3,5,10.402507649051586,11.078457728459513,2.0805015298103173,3.069319284194483,983.5190346224894,1000
7.625,0.3,5,10.52660496413248,11.339681251703102,2.105320992826496,3.1047180695779173,983.1337137841649,1000
7.75,0.3,5,10.652028580788334,11.604019621662204,2.130405716157667,3.140464998643312,982.7439517975499,1000
7.875,0.3,5,10.778788853727216,11.87150609298183,2.155757770745443,3.1765620153871907,982.3497050532915,1000
8.0,0.3,5,10.90689612063926,12.142174179021147,2.181379224127852,3.2130110357420265,981.9509297003402,1000
8.125,0.3,5,11.036360699084442,12.416057651399015,2.2072721398168884,3.2498139463194327,981.5475816495172,1000
8.25,0.3,5,11.167192883300705,12.69319053946096,2.233438576660141,3.2869726031297177,981.1396165772389,1000
8.375,0.3,5,11.29940294093147,12.973607129665607,2.2598805881862942,3.324488830277751,980.7269899294034,1000
8.5,0.3,5,11.433001109671594,13.257341964888527,2.286600221934319,3.3623644186351016,980.3096569254405,1000
8.625,0.3,5,11.567997593830839,13.544429843641467,2.3135995187661678,3.400601124488421,979.8875725625285,1000
8.75,0.3,5,11.704402560813996,13.834905819204899,2.340880512162799,3.4392006681640686,979.4606916199818,1000
8.875,0.3,5,11.842226137516743,14.128805198671756,2.3684452275033485,3.478164732628997,979.0289686638123,1000
9.0,0.3,5,11.981478406636391,14.426163541900296,2.3962956813272784,3.517494962067901,978.5923580514641,1000
9.125,0.3,5,12.122169402896716,14.727016660373915,2.4244338805793433,3.557192960436705,978.1508139367302,1000
9.25,0.3,5,12.264309109186064,15.031400615965772,2.452861821837213,3.5972602899924375,977.704290274849,1000
9.375,0.3,5,12.407907452607926,15.339351719606057,2.4815814905215854,3.6376984697995853,977.2527408277869,1000
9.5,0.3,5,12.552974300443305,15.650906529849681,2.510594860088661,3.6785089742130297,976.7961191697078,1000
9.625,0.3,5,12.699519456024094,15.966101851342206,2.5399038912048186,3.719693231337692,976.3343786926346,1000
9.75,0.3,5,12.847552654516862,16.28497473318176,2.5695105309033726,3.761252621465054,975.8674726123023,1000
9.875,0.3,5,12.99708355861636,16.60756246717471,2.599416711723272,3.8031884754866963,975.3953539742099,1000
10.0,0.3,5,13.148121754148157,16.93390258598283,2.6296243508296313,3.8455020732850858,974.91797565987,1000
10.125,0.3,5,13.300676745579866,17.264032861159645,2.660135349115973,3.888194642101805,974.4352903932615,1000
10.25,0.3,5,13.454757951440437,17.597991301073755,2.6909515902880874,3.9312673548834907,973.9472507474869,1000
10.375,0.3,5,13.610374699647021,17.935816148716693,2.722074939929404,3.9747213286057392,973.4538091516373,1000
10.5,0.3,5,13.767536222739022,18.277545879393163,2.753507244547804,4.018557622575294,972.9549178978688,1000
10.625,0.3,5,13.926251653018909,18.623219198291213,2.7852503306037817,4.06277723671082,972.4505291486907,1000
10.75,0.3,5,14.086530017599522,18.972875037930073,2.8173060035199042,4.107381109802649,971.9405949444713,1000
10.875,0.3,5,14.248380233357548,19.326552555483264,2.8496760466715094,4.152370117751857,971.4250672111601,1000
11.0,0.3,5,14.411811101792978,19.68429112997471,2.8823622203585955,4.19774507178909,970.9038977682333,1000
11.125,0.3,5,14.576831303794393,20.046130359345412,2.9153662607588786,4.243506716673615,970.3770383368612,1000
11.25,0.3,5,14.74344939430995,20.412110057388404,2.94868987886199,4.289655728873024,969.8444405483027,1000
11.375,0.3,5,14.911673796924074,20.782270250549562,2.982334759384815,4.336192714724137,969.3060559525275,1000
11.5,0.3,5,15.081512798339856,21.15665117459199,3.016302559667971,4.383118208575638,968.7618360270693,1000
11.625,0.3,5,15.25297454276728,21.535293271121542,3.050594908553456,4.430432670913015,968.2117321861124,1000
11.75,0.3,5,15.426067026217414,21.918237183971186,3.0852134052434828,4.478136486466409,967.6556957898125,1000
11.875,0.3,5,15.60079809070286,22.305523755441868,3.1201596181405717,4.526229962302046,967.0936781538563,1000
12.0,0.3,5,15.777175418344735,22.69719402239745,3.155435083668947,4.574713325897905,966.5256305592588,1000
12.125,0.3,5,15.955206525386593,23.093289212211516,3.1910413050773188,4.623586723204345,965.9515042624029,1000
12.25,0.3,5,16.13489875611579,23.493850738563598,3.2269797512231575,4.672850216690477,965.3712505053217,1000
12.375,0.3,5,16.316259276692804,23.89892019708262,3.2632518553385608,4.72250378337703,964.7848205262256,1000
12.5,0.3,5,16.499295068889232,24.308539360835194,3.2998590137778465,4.772547312856589,964.1921655702768,1000
12.625,0.3,5,16.6840129237351,24.722750175656515,3.33680258474702,4.822980605302052,963.5932369006096,1000
12.75,0.3,5,16.870419435076435,25.14159475532159,3.374083887015287,4.873803369464231,962.9879858096032,1000
12.875,0.3,5,17.05852099304391,25.565115376554605,3.411704198608782,4.925015220659545,962.3763636304027,1000
13.0,0.3,5,17.248323777433647,25.99335447387412,3.4496647554867295,4.976615678748801,961.7583217486936,1000
13.125,0.3,5,17.4398337510013,26.42635463427204,3.48796675020026,5.028604166108116,961.133811614728,1000
13.25,0.3,5,17.633056652670604,26.86415859172408,3.526611330534121,5.080980005593046,960.5027847556066,1000
13.375,0.3,5,17.827997990657757,27.306809221529676,3.565599598131551,5.13374241849704,959.865192787814,1000
13.5,0.3,5,18.024663035513047,27.754349534479214,3.6049326071026093,5.1868905225054025,959.220987430009,1000
13.625,0.3,5,18.22305681308129,28.206822670846556,3.6446113626162577,5.240423329645975,958.5701205160734,1000
13.75,0.3,5,18.42318409738272,28.66427189420482,3.6846368194765438,5.29433974423777,957.9125440084138,1000
13.875,0.3,5,18.62504940341613,29.126740585063416,3.7250098806832264,5.348638560838876,957.2482100115218,1000
14.0,0.3,5,18.82865697988617,29.594272234324514,3.765731395977234,5.403318462194983,956.5770707857909,1000
14.125,0.3,5,19.034010801856752,30.066910436556917,3.80680216037135,5.458378017189895,955.8990787615878,1000
14.25,0.3,5,19.24111456333282,30.544698883085672,3.8482229126665644,5.513815678799478,955.2141865535831,1000
14.375,0.3,5,19.44997166977266,31.027681354895506,3.8899943339545318,5.569629782050543,954.5223469753334,1000
14.5,0.3,5,19.660585230533165,31.515901715346473,3.932117046106633,5.625818541986139,953.823513054122,1000
14.625,0.3,5,19.872958051250638,32.00940390270012,3.9745916102501275,5.682380051638877,953.117638046051,1000
14.75,0.3,5,20.087092626159748,32.50823192245457,4.01741852523195,5.73931228001389,952.4046754513874,1000
14.875,0.3,5,20.302991130353423,33.01242983948701,4.0605982260706845,5.7966130700830485,951.6845790301613,1000
15.0,0.3,5,20.520655411986702,33.52204177000222,4.10413108239734,5.8542801367922195,950.9573028180129,1000
15.125,0.3,5,20.740086984427517,34.03711187328558,4.148017396885503,5.912311065083231,950.2228011422886,1000
15.25,0.3,5,20.96128701835773,34.55768434325949,4.192257403671546,5.970703307932413,949.4810286383845,1000
15.375,0.3,5,21.18425633382772,35.083803399841756,4.236851266765544,6.029454184407512,948.7319402663322,1000
15.5,0.3,5,21.408995392268068,35.61551328010505,4.281799078453614,6.088560877744878,947.9754913276287,1000
15.625,0.3,5,21.635504288462005,36.15285822923618,4.327100857692401,6.148020433448848,947.2116374823034,1000
15.75,0.3,5,21.863782742482393,36.695882491294434,4.372756548496478,6.207829757415314,946.4403347662249,1000
15.875,0.3,5,22.093830091597287,37.244630299767934,4.418766018319458,6.267985614081453,945.6615396086364,1000
16.0,0.3,5,22.32564528214809,37.79914586792748,4.465129056429618,6.328484624603713,944.8752088499261,1000
16.125,0.3,5,22.559226861404685,38.35947337897702,4.511845372280937,6.38932326506612,944.08129975962,1000
16.25,0.3,5,22.794572969401838,38.9256569760004,4.558914593880368,6.450497864721046,943.2797700545996,1000
16.375,0.3,5,23.031681330761614,39.4977407517038,4.606336266152323,6.51200460426463,942.4705779175364,1000
16.5,0.3,5,23.27054924650639,40.075768737953716,4.654109849301278,6.573839514149021,941.6536820155417,1000
16.625,0.3,5,23.511173585867496,40.65978489511016,4.702234717173499,6.635998472933734,940.8290415190241,1000
16.75,0.3,5,23.75355077809441,41.24983310115508,4.750710155618882,6.698477205678361,939.9966161207522,1000
16.875,0.3,5,23.997676804269876,41.8459571406161,4.799535360853975,6.761271282378972,939.1563660551158,1000
17.0,0.3,5,24.24354718913615,42.44820069328564,4.84870943782723,6.824376116450523,938.30825211758,1000
17.125,0.3,5,24.491156992938063,43.05660732273596,4.898231398587613,6.887786963257693,937.4522356843277,1000
17.25,0.3,5,24.740500803288466,43.67122046463034,4.9481001606576935,6.9514989186964975,936.5882787320829,1000
17.375,0.3,5,24.991572727061993,44.29208341483129,4.9983145454123985,7.01550691782914,935.7163438581085,1000
17.5,0.3,5,25.244366382323093,44.9192393173063,5.048873276464619,7.0798057335745375,934.8363943003725,1000
17.625,0.3,5,25.498874890294537,45.55273115183223,5.099774978058908,7.144389975457011,933.948393957875,1000
17.75,0.3,5,25.75509086737264,46.19260172149932,5.151018173474528,7.209254088415608,933.0523074111298,1000
17.875,0.3,5,26.01300641719578,46.83889364001604,5.202601283439156,7.274392351676594,932.1480999427899,1000
18.0,0.3,5,26.27261312277272,47.491649318816215,5.254522624554545,7.339798877691627,931.2357375584128,1000
18.125,0.3,5,26.533902038677603,48.15091095396999,5.306780407735521,7.40546761114415,930.3151870073541,1000
18.25,0.3,5,26.79686368331844,48.81672051290037,5.359372736663688,7.471392328026564,929.3864158037829,1000
18.375,0.3,5,27.06148803128623,49.48911972090708,5.412297606257246,7.537566634790713,928.4493922478085,1000
18.5,0.3,5,27.327764505791883,50.16815004750015,5.465552901158377,7.603983967574267,927.5040854467098,1000
18.625,0.3,5,27.5956819711983,50.85385269254516,5.51913639423966,7.670637591505553,926.5504653362583,1000
18.75,0.3,5,27.865228725655058,51.546268572222786,5.573045745131012,7.737520600089382,925.5885027021238,1000
18.875,0.3,5,28.13639249384334,52.24543830480525,5.627278498768668,7.8046259146764365,924.6181692013531,1000
19.0,0.3,5,28.409160419838848,52.951402196252424,5.68183208396777,7.871946284018763,923.6394373839105,1000
19.125,0.3,5,28.683519060100533,53.664200225630765,5.736703812020107,7.939474283913901,922.6522807142704,1000
19.25,0.3,5,28.95945437659313,54.383872030358084,5.791890875318626,8.00720231694016,921.6566735930505,1000
19.375,0.3,5,29.236951730051594,55.11045689127781,5.847390346010319,8.075122612285547,920.6525913786724,1000
19.5,0.3,5,29.515995873395635,55.84399371756619,5.903199174679127,8.143227225672824,919.6400104090401,1000
19.625,0.3,5,29.79657094530266,56.58452103147635,5.959314189060532,8.211508039383126,918.618908023223,1000
19.75,0.3,5,30.078660463947468,57.332076952923146,6.015732092789493,8.279956762380582,917.5892625831314,1000
19.875,0.3,5,30.362247320917277,58.086699183913304,6.072449464183455,8.348564930540302,916.5510534951715,1000
20.0,0.3,5,30.64731377531057,58.84842499282497,6.129462755062114,8.417323906982073,915.5042612318665,1000
20.125,0.3,5,30.93384144802843,59.61729119854161,6.186768289605686,8.486224882512074,914.448867353432,1000
20.25,0.3,5,31.221811316267104,60.393334154445036,6.244362263253421,8.555258876174868,913.3848545292898,1000
20.375,0.3,5,31.511203708220528,61.17658973227272,6.3022407416441055,8.624416735917851,912.3122065595087,1000
20.5,0.3,5,31.80199829800171,61.96709330584464,6.360399659600342,8.693689139370328,911.2309083961557,1000
20.625,0.3,5,32.094174100791726,62.76487973466541,6.418834820158345,8.763066594739263,910.1409461645447,1000
20.75,0.3,5,32.38770946822537,63.56998334740716,6.477541893645073,8.832539441823789,909.0423071843694,1000
20.875,0.3,5,32.68258208402226,64.38243792527949,6.536516416804451,8.90209785315035,907.9349799907002,1000
21.0,0.3,5,32.978768959872504,65.20227668529249,6.5957537919745,8.9717318352304,906.8189543548369,1000
21.125,0.3,5,33.27624643158574,66.02953226341937,6.655249286317148,9.041431229942468,905.6942213049969,1000
21.25,0.3,5,33.574990155512545,66.86423669766539,6.714998031102509,9.111185716040229,904.5607731468239,1000
21.375,0.3,5,33.874975105247245,67.70642141104987,6.774995021049449,9.180984810788319,903.4186034837047,1000
21.5,0.3,5,34.17617556862086,68.5561171945086,6.835235113724172,9.250817871727307,902.2677072368723,1000
21.625,0.3,5,34.47856514499332,69.41335418972365,6.895713028998664,9.320674098569373,901.1080806652848,1000
21.75,0.3,5,34.782116742853454,70.27816187188859,6.956423348570691,9.390542535225935,899.9397213852596,1000
21.875,0.3,5,35.0868025777359,71.15056903241651,7.01736051554718,9.460412071968497,898.7626283898492,1000
22.0,0.3,5,35.39259417046331,72.03060376159905,7.078518834092662,9.530271447723855,897.5768020679393,1000
22.125,0.3,5,35.699462345722694,72.91829343122461,7.139892469144539,9.6001092525046,896.3822442230544,1000
22.25,0.3,5,36.00737723098431,73.81366467716407,7.201475446196862,9.669913929975856,895.1789580918532,1000
22.375,0.3,5,36.316308255771624,74.71674338193299,7.263261651154325,9.739673780158995,893.9669483622971,1000
22.5,0.3,5,36.6262241512905,75.62755465723858,7.3252448302581,9.809376962272935,892.7462211914727,1000
22.625,0.3,5,36.9370929504259,76.54612282652111,7.38741859008518,9.87901149771353,891.5167842230549,1000
22.75,0.3,5,37.24888198811408,77.4724714074986,7.4497763976228155,9.948565273171441,890.2786466043892,1000
22.875,0.3,5,37.561557902098144,78.40662309472444,7.512311580419629,10.018026043888668,889.0318190031794,1000
23.0,0.3,5,37.87508663407458,79.34859974216754,7.5750173268149155,10.08738143705378,887.7763136237598,1000
23.125,0.3,5,38.18943343123835,80.29842234582485,7.63788668624767,10.156618955335887,886.5121442229388,1000
23.25,0.3,5,38.50456284823383,81.25611102637633,7.700912569646766,10.225725980556996,885.2393261253918,1000
23.375,0.3,5,38.82043874951859,82.22168501189252,7.764087749903718,10.294689777502425,883.9578762385909,1000
23.5,0.3,5,39.1370243121469,83.19516262060512,7.82740486242938,10.36349749786875,882.66781306725,1000
23.625,0.3,5,39.454282028979634,84.17656124375121,7.890856405795927,10.43213618434851,881.3691567272712,1000
23.75,0.3,5,39.77217371232682,85.1658973285017,7.954434742465364,10.500592774850901,880.0619289591735,1000
23.875,0.3,5,40.09066049802896,86.16318636098491,8.018132099605792,10.568854106857296,878.7461531409882,1000
24.0,0.3,5,40.40970284998284,87.16844284941644,8.081940569996569,10.636906921910493,877.421854300603,1000
24.125,0.3,5,40.7292605651174,88.18168030734633,8.14585211302348,10.704737870236217,876.0890591275385,1000
24.25,0.3,5,41.04929277882478,89.20291123703487,8.209858555764956,10.772333515495426,874.7477959841425,1000
24.375,0.3,5,41.369757970851346,90.23214711296853,8.273951594170269,10.839680339665534,873.3980949161822,1000
24.5,0.3,5,41.6906139716533,91.26939836552746,8.33812279433066,10.906764748048797,872.0399876628213,1000
24.625,0.3,5,42.011817969220836,92.31467436481633,8.402363593844168,10.973573074405655,870.6735076659651,1000
24.75,0.3,5,42.333326516374854,93.3679834046701,8.46666530327497,11.040091586210833,869.2986900789573,1000
24.875,0.3,5,42.65509553853932,94.42933268684679,8.531019107707865,11.10630649002967,867.9155717746161,1000
25.0,0.3,5,42.97708034199256,95.49872830541895,8.595416068398512,11.172203937012124,866.5241913525906,1000
25.125,0.3,5,43.2992356225998,96.57617523137591,8.65984712451996,11.237770028501595,865.1245891460266,1000
25.25,0.3,5,43.62151547502934,97.66167729744895,8.724303095005869,11.302990821755511,863.7168072275239,1000
25.375,0.3,5,43.94387340245392,98.75523718317136,8.788774680490784,11.36785233577464,862.300889414377,1000
25.5,0.3,5,44.266262326738605,99.85685640018562,8.85325246534772,11.432340557237604,860.8768812730781,1000
25.625,0.3,5,44.588634599116126,100.96653527780983,8.917726919823226,11.496441446537187,859.4448301230765,1000
25.75,0.3,5,44.910942011349796,102.0842729488756,8.982188402269959,11.560140943914623,858.0047850397771,1000
25.875,0.3,5,45.233135807384116,103.2100673358496,9.046627161476824,11.623424975688044,856.5567968567686,1000
26.0,0.3,5,45.555166695482335,104.3439151372509,9.111033339096467,11.686279460570983,855.1009181672691,1000
26.125,0.3,5,45.87698486084991,105.4858118143764,9.175396972169981,11.7486903160767,853.6372033247761,1000
26.25,0.3,5,46.198539978742204,106.63575157834623,9.239707995748441,11.810643465003942,852.165708442914,1000
26.375,0.3,5,46.519781228054356,107.79372737748155,9.303956245610872,11.872124841999518,850.6864913944665,1000
26.5,0.3,5,46.84065730539064,108.95973088502643,9.368131461078129,11.933120400193065,849.1996118095853,1000
26.625,0.3,5,47.161116439610225,110.13375248722613,9.432223287922046,11.99361611789899,847.7051310731661,1000
26.75,0.3,5,47.48110640684542,111.31578127177323,9.496221281369085,12.053598005380618,846.2031123213839,1000
26.875,0.3,5,47.80057454598847,112.50580501663381,9.560114909197694,12.113052111671363,844.6936204373802,1000
27.0,0.3,5,48.11946777464184,113.70381017926508,9.623893554928369,12.171964531447571,843.1767220460955,1000
27.125,0.3,5,48.4377326055268,114.909781886236,9.687546521105359,12.230321411947537,841.6524855082396,1000
27.25,0.3,5,48.75531516334434,116.1237039232626,9.751063032668869,12.288108959931177,840.1209809133953,1000
27.375,0.3,5,49.072161202082114,117.34555872566865,9.814432240416423,12.345313448674526,838.5822800722514,1000
27.5,0.3,5,49.38821612276016,118.57532736928356,9.877643224552033,12.401921224993316,837.0364565079585,1000
27.625,0.3,5,49.70342499160816,119.81298956178756,9.940684998321633,12.457918716289575,835.4835854466065,1000
27.75,0.3,5,50.01773255866586,121.0585236345157,10.003546511733173,12.513292437615284,833.9237438068208,1000
27.875,0.3,5,50.33108327679816,122.3119065347304,10.066216655359632,12.568028998746842,832.3570101884737,1000
28.0,0.3,5,50.643421321115554,123.5731138183735,10.12868426422311,12.622115111264153,830.7834648605133,1000
28.125,0.3,5,50.95469060879022,124.84211964330726,10.190938121758045,12.675537595627938,829.2031897479047,1000
28.25,0.3,5,51.264834819257416,126.11889676305472,10.252966963851483,12.728283388248927,827.6162684176901,1000
28.375,0.3,5,51.573797414791315,127.40341652104834,10.314759482958262,12.780339548542386,826.0227860641625,1000
28.5,0.3,5,51.88152166144394,128.69564884539662,10.376304332288788,12.831693265961508,824.4228294931615,1000
28.625,0.3,5,52.18795065033525,129.9955622441774,10.43759013006705,12.882331867003051,822.8164871054895,1000
28.75,0.3,5,52.49302731928186,131.30312380126676,10.498605463856372,12.93224282217857,821.2038488794535,1000
28.875,0.3,5,52.79669447475158,132.61829917271172,10.559338894950317,12.981413752944698,819.5850063525388,1000
29.0,0.3,5,53.098894814130304,133.94105258365437,10.61977896282606,13.029832438585691,817.9600526022175,1000
29.125,0.3,5,53.39957094828705,135.27134682581612,10.67991418965741,13.077486823041584,816.329082225899,1000
29.25,0.3,5,53.69866542442309,136.6091432555483,10.739733084884618,13.124365021675326,814.6921913200308,1000
29.375,0.3,5,53.99612074919002,137.95440179245676,10.799224149838004,13.170455327972164,813.0494774583555,1000
29.5,0.3,5,54.29187941206142,139.3070809186066,10.858375882412284,13.215746220164627,811.4010396693342,1000
29.625,0.3,5,54.58588390894245,140.66713767831385,10.91717678178849,13.260226367776522,809.7469784127459,1000
29.75,0.3,5,54.878076766000945,142.03452767852903,10.975615353200189,13.303884638079289,808.0873955554721,1000
29.875,0.3,5,55.16840056370359,143.40920508981878,11.033680112740718,13.346710102454258,806.4223943464796,1000
30.0,0.3,5,55.456797961039925,144.79112264795015,11.091359592207985,13.38869204265423,804.7520793910118,1000
30.125,0.3,5,55.74321171991687,146.18023165608193,11.148642343983374,13.429819956958085,803.076556624003,1000
30.25,0.3,5,56.02758472970607,147.57648198756746,11.205516945941215,13.470083566211981,801.3959332827284,1000
30.375,0.3,5,56.309860031925794,148.97982208937242,11.26197200638516,13.509472819751005,799.7103178787037,1000
30.5,0.3,5,56.58998084503906,150.39019898611082,11.317996169007811,13.547977901195056,798.019820168852,1000
30.625,0.3,5,56.86789058934918,151.80755828470174,11.373578117869837,13.585589234112954,796.324551125951,1000
30.75,0.3,5,57.14353291197384,153.23184417964944,11.428706582394769,13.62229748754892,794.6246229083786,1000
30.875,0.3,5,57.416851711878344,154.6629994589482,11.483370342375668,13.65809358140558,792.9201488291753,1000
31.0,0.3,5,57.687791164948464,156.10096551061355,11.537558232989692,13.692968691677853,791.2112433244399,1000
31.125,0.3,5,57.95629574908346,157.5456823298406,11.591259149816691,13.726914255532309,789.4980219210779,1000
31.25,0.3,5,58.22231026928906,158.99708852678947,11.644462053857811,13.75992197622657,787.7806012039234,1000
31.375,0.3,5,58.4857798827506,160.4551213349983,11.69715597655012,13.791983827863648,786.059098782253,1000
31.5,0.3,5,58.746650123865955,161.91971662042224,11.74933002477319,13.823092059976199,784.3336332557136,1000
31.625,0.3,5,59.004866929218124,163.3908088910983,11.800973385843625,13.853239201935907,782.6043241796855,1000
31.75,0.3,5,59.260376662466975,164.8683313074333,11.852075332493396,13.882418067183318,780.8712920301016,1000
31.875,0.3,5,59.513126139139786,166.35221569311355,11.902625227827958,13.910621757273832,779.1346581677485,1000
32.0,0.3,5,59.763062651300075,167.84239254663296,11.952612530260016,13.93784366573548,777.3945448020687,1000
32.125,0.3,5,60.010133992074266,169.3387910534368,12.002026798414853,13.964077481734625,775.6510749544906,1000
32.25,0.3,5,60.254288480015724,170.84133909867697,12.050857696003145,13.989317193545723,773.9043724213091,1000
32.375,0.3,5,60.49547498328578,172.3499632805747,12.099094996657156,14.01355709182162,772.1545617361412,1000
32.5,0.3,5,60.73364294363142,173.86458892438608,12.146728588726285,14.036791772661076,770.4017681319842,1000
32.625,0.3,5,60.96874240013941,175.38514009696465,12.193748480027882,14.059016140470437,768.6461175028977,1000
32.75,0.3,5,61.2007240127467,176.91153962191595,12.24014480254934,14.080225410616551,766.8877363653392,1000
32.875,0.3,5,61.42953908548731,178.44370909533728,12.285907817097463,14.10041511186843,765.1267518191772,1000
33.0,0.3,5,61.65513958945591,179.9815689021359,12.331027917891182,14.119581088625262,763.3632915084099,1000
33.125,0.3,5,61.87747818546836,181.5250382329186,12.375495637093673,14.137719502928691,761.5974835816148,1000
33.25,0.3,5,62.09650824640028,183.07403510144485,12.419301649280056,14.154826836257545,759.8294566521566,1000
33.375,0.3,5,62.312183879184204,184.62847636263513,12.46243677583684,14.170899891103451,758.0593397581824,1000
33.5,0.3,5,62.524459946446946,186.18827773112602,12.504891989289389,14.185935792326015,756.2872623224289,1000
33.625,0.3,5,62.73329208776846,187.75335380036256,12.546658417553692,14.199931988286558,754.5133541118707,1000
33.75,0.3,5,62.93863674054423,189.32361806221843,12.587727348108846,14.212886251759613,752.7377451972392,1000
33.875,0.3,5,63.1404511604335,190.89898292713391,12.6280902320867,14.224796680621669,750.9605659124344,1000
34.0,0.3,5,63.338693441375895,192.47935974476098,12.667738688275179,14.235661698316969,749.1819468138649,1000
34.125,0.3,5,63.533322535159634,194.06465882510471,12.706664507031928,14.24548005410035,747.4020186397374,1000
34.25,0.3,5,63.72429827052468,195.65478946014937,12.744859654104935,14.254250823057403,745.6209122693276,1000
34.375,0.3,5,63.91158137178501,197.24965994595792,12.782316274357003,14.26197340590262,743.8387586822587,1000
34.5,0.3,5,64.09513347695426,198.84917760523214,12.819026695390852,14.268647528556185,742.0556889178152,1000
34.625,0.3,5,64.2749171553598,200.45324881032133,12.854983431071961,14.274273241500666,740.2718340343206,1000
34.75,0.3,5,64.45089592473066,202.0617790066664,12.890179184946131,14.278850918918815,738.4873250686047,1000
34.875,0.3,5,64.62303426774527,203.67467273666614,12.924606853549054,14.282381257614164,736.7022929955904,1000
35.0,0.3,5,64.79129764802575,205.29183366395193,12.958259529605149,14.284865275716244,734.916868688024,1000
35.125,0.3,5,64.95565252556571,206.91316459805708,12.991130505113142,14.28630431117251,733.1311828763788,1000
35.25,0.3,5,65.11606637157927,208.5385675194665,13.023213274315854,14.286700020029313,731.3453661089559,1000
35.375,0.3,5,65.27250768275974,210.16794360503218,13.054501536551948,14.28605437450453,729.5595487122098,1000
35.5,0.3,5,65.42494599493689,211.8011932537391,13.084989198987378,14.28436966085466,727.7738607513256,1000
35.625,0.3,5,65.57335189612236,213.43821611280737,13.114670379224473,14.281648477039393,725.9884319910718,1000
35.75,0.3,5,65.71769703893347,215.07891110411447,13.143539407786694,14.277893730186987,724.2033918569535,1000
35.875,0.3,5,65.8579541523861,216.7231764509221,13.17159083047722,14.273108633863805,722.4188693966931,1000
36.0,0.3,5,65.99409705304876,218.37090970489197,13.198819410609753,14.267296705151903,720.6349932420605,1000
36.125,0.3,5,66.1261006555493,220.02200777337455,13.22522013110986,14.260461761538323,718.8518915710775,1000
36.25,0.3,5,66.25394098242779,221.6763669469539,13.250788196485559,14.252607917620352,717.0696920706197,1000
36.375,0.3,5,66.37759517332884,223.33388292723328,13.275519034665768,14.243739581630924,715.2885218994393,1000
36.5,0.3,5,66.49704149352789,224.99445085484376,13.299408298705577,14.233861451788675,713.5085076516298,1000
36.625,0.3,5,66.61225934178616,226.65796533766007,13.32245186835723,14.222978512477203,711.7297753205552,1000
36.75,0.3,5,66.72322925753025,228.32432047920642,13.34464585150605,14.211096030258348,709.9524502632648,1000
36.875,0.3,5,66.82993292735263,229.99340990723525,13.365986585470527,14.198219549724415,708.1766571654135,1000
37.0,0.3,5,66.9323531908302,231.6651268024623,13.38647063816604,14.184354889194461,706.4025200067089,1000
37.125,0.3,5,67.03047404565865,233.33936392744093,13.40609480913173,14.169508136259745,704.6301620269018,1000
37.25,0.3,5,67.12428065210129,235.0160136555577,13.424856130420258,14.153685643183831,702.8597056923423,1000
37.375,0.3,5,67.21375933675135,236.69496800013363,13.442751867350271,14.136894022162625,701.0912726631163,1000
37.5,0.3,5,67.29889759560801,238.37611864361224,13.459779519121602,14.119140140450112,699.324983760781,1000
37.625,0.3,5,67.37968409646643,240.05935696681874,13.475936819293286,14.100431115355237,697.5609589367161,1000
37.75,0.3,5,67.45610868062326,241.74457407827214,13.491221736124652,14.080774309115851,695.7993172411059,1000
37.875,0.3,5,67.52816236389965,243.43166084353356,13.505632472779931,14.060177323655445,694.040176792568,1000
38.0,0.3,5,67.59583733698437,245.1205079145742,13.519167467396874,14.038647995228633,692.2836547484427,1000
38.125,0.3,5,67.6591269651004,246.8110057591449,13.53182539302008,14.01619438896129,690.5298672757559,1000
38.25,0.3,5,67.71802578699894,248.5030446901316,13.543605157399787,13.992824793291385,688.7789295228707,1000
38.375,0.3,5,67.77252951328553,250.19651489487902,13.554505902657107,13.968547714316554,687.0309555918367,1000
38.5,0.3,5,67.82263502408357,251.89130646446654,13.564527004816714,13.943371870054476,685.2860585114511,1000
38.625,0.3,5,67.868340366041,253.58730942291925,13.5736680732082,13.917306184622177,683.544350211041,1000
38.75,0.3,5,67.90964474868697,255.28441375633813,13.581928949737394,13.890359782340363,681.8059414949761,1000
38.875,0.3,5,67.94654854014517,256.9825094419333,13.589309708029035,13.862541981768912,680.0709420179227,1000
39.0,0.3,5,67.97905326221183,258.6814864769438,13.595810652442367,13.833862289679614,678.3394602608455,1000
39.125,0.3,5,68.00716158480664,260.3812349074287,13.601432316961327,13.804330394972324,676.6116035077658,1000
39.25,0.3,5,68.03087731980503,262.0816448569135,13.606175463961005,13.773956162540516,674.8874778232828,1000
39.375,0.3,5,68.0502054142618,263.7826065548768,13.610041082852359,13.742749627092358,673.1671880308627,1000
39.5,0.3,5,68.06515194303519,265.4840103650618,13.613030388607038,13.710720986933316,671.4508376919042,1000
39.625,0.3,5,68.07572410082246,267.1857468135976,13.615144820164492,13.677880597716204,669.7385290855813,1000
39.75,0.3,5,68.08193019361715,268.8877066169163,13.61638603872343,13.64423896616462,668.0303631894678,1000
39.875,0.3,5,68.08377962960002,270.58978070945153,13.616755925920003,13.609806743775623,666.3264396609499,1000
40.0,0.3,5,68.08128290947461,272.29186027110273,13.616256581894921,13.574594720507422,664.626856819424,1000
40.125,0.3,5,68.07445161626033,273.99383675445466,13.614890323252066,13.53861381845775,662.9317116292863,1000
40.25,0.3,5,68.06329840455508,275.6956019117347,13.612659680911017,13.501875085538583,661.2410996837115,1000
40.375,0.3,5,68.04783698928064,277.3970478214984,13.609567397856129,13.464389689152721,659.5551151892222,1000
40.5,0.3,5,68.02808213392406,279.098066915028,13.605616426784811,13.426168909877665,657.8738509510491,1000
40.625,0.3,5,68.00404963828862,280.79855200243287,13.600809927657725,13.387224135162091,656.1973983592796,1000
40.75,0.3,5,67.97575632576836,282.4983962984388,13.595151265153671,13.347566853040204,654.5258473757939,1000
40.875,0.3,5,67.94322003016039,284.19749344785527,13.588644006032078,13.307208645869034,652.8592865219855,1000
41.0,0.3,5,67.90645958202965,285.8957375507083,13.581291916405931,13.266161184093693,651.1978028672631,1000
41.125,0.3,5,67.86549479464071,287.593023187029,13.573098958928142,13.224436220045487,649.5414820183315,1000
41.25,0.3,5,67.82034644947169,289.2892454412856,13.564069289894338,13.182045581777558,647.8904081092439,1000
41.375,0.3,5,67.77103628132555,290.98429992645003,13.55420725626511,13.139001166942785,646.2446637922257,1000
41.5,0.3,5,67.71758696305422,292.67808280768907,13.543517392610843,13.095314936718326,644.6043302292579,1000
41.625,0.3,5,67.6600220899109,294.3704908256689,13.53200441798218,13.050998909781187,642.9694870844213,1000
41.75,0.3,5,67.5983661635465,296.0614213194663,13.5196732327093,13.00606515633903,641.3402125169883,1000
41.875,0.3,5,67.53264457566601,297.7507722490757,13.506528915133202,12.960525792220283,639.7165831752593,1000
42.0,0.3,5,67.46288359136071,299.4384422175051,13.492576718272142,12.914392973027445,638.0986741911352,1000
42.125,0.3,5,67.38911033213218,301.12433049245203,13.477822066426436,12.867678888357398,636.4865591754167,1000
42.25,0.3,5,67.31135275862435,302.80833702755257,13.46227055172487,12.82039575609227,634.880310213824,1000
42.375,0.3,5,67.22963965307974,304.4903624831958,13.445927930615948,12.77255581676441,633.2799978637254,1000
42.5,0.3,5,67.14400060153585,306.1703082468976,13.42880012030717,12.72417132799873,631.6856911515674,1000
42.625,0.3,5,67.05446597577803,307.84807645322655,13.410893195155605,12.675254559035585,630.0974575709963,1000
42.75,0.3,5,66.961066915065,309.52357000327686,13.392213383013,12.625817785337205,628.5153630816591,1000
42.875,0.3,5,66.86383530764297,311.19669258368225,13.372767061528595,12.575873283280536,626.9394721086758,1000
43.0,0.3,5,66.76280377206467,312.8673486851659,13.352560754412934,12.525433324939197,625.3698475427705,1000
43.125,0.3,5,66.65800563832896,314.53544362062166,13.331601127665792,12.474510172957045,623.8065507410504,1000
43.25,0.3,5,66.5494749288572,316.20088354272207,13.30989498577144,12.423116075515823,622.2496415284218,1000
43.375,0.3,5,66.4372463393221,317.86357546104955,13.287449267864421,12.37126326139907,620.6991781996295,1000
43.5,0.3,5,66.32135521934458,319.5234272587468,13.264271043868916,12.31896393515434,619.1552175219097,1000
43.625,0.3,5,66.2018375530744,321.18034770868394,13.24036751061488,12.26623027235578,617.6178147382426,1000
43.75,0.3,5,66.07872993966973,322.83424648913865,13.215745987933946,12.213074414968732,616.0870235711926,1000
43.875,0.3,5,65.95206957369115,324.48503419898793,13.19041391473823,12.15950846681804,614.5628962273219,1000
44.0,0.3,5,65.82189422542476,326.13262237240866,13.16437884508495,12.105544489161558,613.0454834021675,1000
44.125,0.3,5,65.68824222114957,327.7769234930858,13.137648444229914,12.051194496370176,611.5348342857654,1000
44.25,0.3,5,65.55115242336359,329.41785100792714,13.110230484672718,11.996470451715572,610.0309965687101,1000
44.375,0.3,5,65.41066421098319,331.05531934028306,13.082132842196637,11.941384263266729,608.5340164487346,1000
44.5,0.3,5,65.26681745952963,332.68924390267097,13.053363491905927,11.885947779896167,607.0439386378004,1000
44.625,0.3,5,65.11965252131718,334.31954110900523,13.023930504263436,11.830172787396629,605.5608063696785,1000
44.75,0.3,5,64.96921020565591,335.9461283863307,12.993842041131183,11.774071004708928,604.0846614080143,1000
44.875,0.3,5,64.81553175908313,337.56892418606293,12.963106351816625,11.717654080261383,602.6155440548549,1000
45.0,0.3,5,64.65865884563615,339.18784799473326,12.93173176912723,11.660933588421326,601.1534931596316,1000
45.125,0.3,5,64.49863352717972,340.802820344242,12.899726705435944,11.603921026058917,599.6985461285793,1000
45.25,0.3,5,64.33549824379999,342.4137628216201,12.867099648759998,11.546627809223333,598.2507389345809,1000
45.375,0.3,5,64.16929579427814,344.02059807830136,12.833859158855628,11.48906526993151,596.8101061274214,1000
45.5,0.3,5,64.00006931665496,345.6232498389078,12.800013863330992,11.431244653069198,595.3766808444382,1000
45.625,0.3,5,63.827862268898315,347.2216429095492,12.765572453779663,11.373177113404234,593.9504948215534,1000
45.75,0.3,5,63.65271840968477,348.8157031856413,12.730543681936954,11.314873712711647,592.5315784046747,1000
45.875,0.3,5,63.47468177930643,350.4053576592439,12.694936355861286,11.256345417010275,591.1199605614506,1000
46.0,0.3,5,63.2937966807136,351.99053442592344,12.658759336142719,11.197603093910281,589.7156688933641,1000
46.125,0.3,5,63.110107660703655,353.57116269114283,12.622021532140732,11.138657510071033,588.3187296481545,1000
46.25,0.3,5,62.92365949126613,355.14717277618234,12.584731898253226,11.07951932876861,586.9291677325526,1000
46.375,0.3,5,62.7344971510937,356.7184961235956,12.54689943021874,11.020199107572152,585.5470067253116,1000
46.5,0.3,5,62.54266580726838,358.28506530220574,12.508533161453675,10.96070729612818,584.1722688905268,1000
46.625,0.3,5,62.34821079713186,359.84681401164386,12.469642159426373,10.901054234051914,582.8049751912251,1000
46.75,0.3,5,62.15117761034882,361.4036770864377,12.430235522069763,10.841250148924544,581.4451453032144,1000
46.875,0.3,5,61.951611871171195,362.9555904996528,12.39032237423424,10.781305154395389,580.0927976291769,1000
47.0,0.3,5,61.74955932091172,364.5024913660925,12.349911864182344,10.721229248387669,578.7479493129966,1000
47.125,0.3,5,61.545065800634,366.04431794506155,12.3090131601268,10.661032311406753,577.4106162543053,1000
47.25,0.3,5,61.33817723406661,367.5810096426997,12.267635446813323,10.600724104949448,576.0808131232345,1000
47.375,0.3,5,61.12893961074801,369.1125070138893,12.225787922149603,10.540314270013043,574.7585533753635,1000
47.5,0.3,5,60.91739896940891,370.63875176374466,12.183479793881782,10.479812325702635,573.4438492668472,1000
47.625,0.3,5,60.703601381598205,372.1596867486878,12.140720276319641,10.41922766793524,572.1367118697148,1000
47.75,0.3,5,60.4875929355585,373.6752559771173,12.0975185871117,10.358569568239206,570.8371510873251,1000
47.875,0.3,5,60.26941972035666,375.1854046096759,12.053883944071332,10.297847172647273,569.5451756699682,1000
48.0,0.3,5,60.049127810274626,376.6900789591251,12.009825562054925,10.237069500681722,568.260793230601,1000
48.125,0.3,5,59.82676324946543,378.1892264898305,11.965352649893086,10.176245444429899,566.9840102607048,1000
48.25,0.3,5,59.60237203687883,379.6827958168669,11.920474407375767,10.115383767708467,565.714832146255,1000
48.375,0.3,5,59.376000111460925,381.17073670474895,11.875200022292185,10.054493105314576,564.4532631837909,1000
48.5,0.3,5,59.14769333763157,382.65300006579434,11.829538667526315,9.993581962362287,563.199306596575,1000
48.625,0.3,5,58.91749749104322,384.12953795812666,11.783499498208645,9.932658713702367,561.952964550831,1000
48.75,0.3,5,58.685458244624435,385.6003035833248,11.737091648924887,9.8717316034237,560.7142381720516,1000
48.875,0.3,5,58.451621154911045,387.06525128372584,11.69032423098221,9.810808744434485,559.4831275613641,1000
49.0,0.3,5,58.216031648667645,388.52433653938976,11.643206329733529,9.749898118121296,558.2596318119436,1000
49.125,0.3,5,57.97873500980178,389.9775159647316,11.595747001960357,9.689007574084238,557.0437490254677,1000
49.25,0.3,5,57.73977636657292,391.4247473048295,11.547955273314583,9.628144829946248,555.8354763285987,1000
49.375,0.3,5,57.49920067909795,392.8659894314159,11.499840135819591,9.567317471234691,554.6348098894873,1000
49.5,0.3,5,57.257052727154814,394.3012023385591,11.451410545430964,9.506532951333313,553.4417449342872,1000
49.625,0.3,5,57.013377098285424,395.7303471380424,11.402675419657085,9.445798591502703,552.2562757636732,1000
49.75,0.3,5,56.76821817619894,397.1533860544492,11.353643635239788,9.3851215809673,551.0783957693529,1000
49.875,0.3,5,56.52162012947608,398.5702824199605,11.304324025895216,9.324508977067117,549.9080974505646,1000
50.0,0.3,5,56.273626900574754,399.9810006688732,11.254725380114952,9.263967705472167,548.7453724305532,1000
50.125,0.3,5,56.024282195137694,401.385506331846,11.20485643902754,9.203504560457837,547.5902114730175,1000
50.25,0.3,5,55.773629471601524,402.7837660298811,11.154725894320304,9.14312620523918,546.4426044985186,1000
50.375,0.3,5,55.52171193110736,404.175747468049,11.104342386221472,9.082839172362323,545.3025406008448,1000
50.5,0.3,5,55.268572507712356,405.5614194289634,11.053714501542471,9.022649864151095,544.1700080633254,1000
50.625,0.3,5,55.01425385890147,406.94075176601507,11.002850771780293,8.962564553206988,543.0449943750847,1000
50.75,0.3,5,54.75879835639856,408.3137153963704,10.951759671279712,8.902589382960642,541.9274862472322,1000
50.875,0.3,5,54.50224807727568,409.6802822937437,10.900449615455136,8.842730368272981,540.8174696289818,1000
51.0,0.3,5,54.2446447953593,411.0404254809496,10.84892895907186,8.782993396084198,539.7149297236923,1000
51.125,0.3,5,53.986029972931824,412.3941190222435,10.797205994586365,8.72338422610878,538.6198510048259,1000
51.25,0.3,5,53.726444752726884,413.7413380154575,10.745288950545376,8.6639084915748,537.532217231817,1000
51.375,0.3,5,53.465929950216285,415.0820585839387,10.693185990043258,8.60457170000567,536.4520114658463,1000
51.5,0.3,5,53.204526046186885,416.41625786829763,10.640905209237378,8.545379234042697,535.3792160855168,1000
51.625,0.3,5,52.94227317960486,417.7439140179736,10.588454635920971,8.486336352306637,534.3138128024228,1000
51.75,0.3,5,52.67921114076525,419.06500618262436,10.535842228153049,8.427448190296577,533.2557826766117,1000
51.875,0.3,5,52.415379364724075,420.379514503347,10.483075872944815,8.36871976132451,532.2051061319303,1000
52.0,0.3,5,52.15081692501055,421.687420103738,10.43016338500211,8.310155957483895,531.1617629712526,1000
52.125,0.3,5,51.88556252761639,422.98870508079784,10.377112505523279,8.251761550650636,530.125732391587,1000
52.25,0.3,5,51.61965450525946,424.2833524956881,10.323930901051892,8.19354119351485,529.0969929990537,1000
52.375,0.3,5,51.35313081191861,425.57134636434824,10.270626162383723,8.135499420641864,528.0755228237344,1000
52.5,0.3,5,51.086029017636555,426.85267164797756,10.21720580352731,8.077640649560918,527.0612993343872,1000
52.625,0.3,5,50.81838630358757,428.1273142433902,10.163677260717515,8.019969181880066,526.0542994530235,1000
52.75,0.3,5,50.5502394574065,429.39526097324915,10.1100478914813,7.962489204425747,525.0544995693456,1000
52.875,0.3,5,50.281624868775694,430.65649957618575,10.056324973755139,7.905204790405654,524.0618755550397,1000
53.0,0.3,5,50.01257852526633,431.9110186968115,10.002515705053266,7.848119900593419,523.0764027779234,1000
53.125,0.3,5,49.74313600843031,433.1588078756281,9.948627201686062,7.791238384533727,522.0980561159428,1000
53.25,0.3,5,49.47333249013918,434.39985753884235,9.894666498027835,7.734563981766549,521.1268099710196,1000
53.375,0.3,5,49.203202729166044,435.63415898809143,9.840640545833208,7.678100323069112,520.1626382827437,1000
53.5,0.3,5,48.93278106800685,436.8617043900851,9.786556213601369,7.621850931714327,519.2055145419092,1000
53.625,0.3,5,48.66210142993685,438.082486766171,9.73242028598737,7.5658192247444225,518.2554118038933,1000
53.75,0.3,5,48.391197316298395,439.29649998182794,9.678239463259679,7.51000851425853,517.3123027018747,1000
53.875,0.3,5,48.12010180401595,440.5037387360942,9.62402036080319,7.454422008713018,516.3761594598909,1000
54.0,0.3,5,47.84884754333421,441.7041985509351,9.569769508666841,7.399062814233412,515.4469539057318,1000
54.125,0.3,5,47.5774667557752,442.89787576055664,9.51549335115504,7.343933935936766,514.5246574836691,1000
54.25,0.3,5,47.30599123231016,444.08476750066984,9.461198246462033,7.289038279263349,513.6092412670209,1000
54.375,0.3,5,47.034452331742095,445.2648716977114,9.406890466348418,7.234378651316598,512.7006759705474,1000
54.5,0.3,5,46.76288097929449,446.43818705802573,9.352576195858898,7.179957762210264,511.79893196268074,1000
54.625,0.3,5,46.49130766540226,447.604713057014,9.298261533080453,7.1257782264217475,510.9039792775847,1000
54.75,0.3,5,46.2197624447004,448.7644499282543,9.24395248894008,7.071842564150655,510.01578762704634,1000
54.875,0.3,5,45.94827493520613,449.9173986525987,9.189654987041227,7.018153202681572,509.13432641219623,1000
55.0,0.3,5,45.676874317690256,451.0635609472517,9.13537486353805,6.964712477750174,508.2595647350591,1000
55.125,0.3,5,45.40558933523335,452.2029392548342,9.08111786704667,6.91152263491177,507.3914714099335,1000
55.25,0.3,5,45.13444829296249,453.33553673243887,9.026889658592498,6.858585830911377,506.53001497459974,1000
55.375,0.3,5,44.86347905796421,454.46135724067983,8.972695811592843,6.805904135054536,505.67516370135706,1000
55.5,0.3,5,44.592709059369405,455.58040533274215,8.918541811873881,6.753479530578052,504.8268856078895,1000
55.625,0.3,5,44.32216528860576,456.6926862434351,8.864433057721152,6.701313916019834,503.9851484679602,1000
55.75,0.3,5,44.05187429981359,457.79820587825304,8.810374859962717,6.649409106587142,503.1499198219344,1000
55.875,0.3,5,43.781862210420634,458.89697080244855,8.756372442084126,6.59776683552249,502.32116698713185,1000
56.0,0.3,5,43.51215470187167,459.98898823012075,8.702430940374335,6.546388755466505,501.49885706800853,1000
56.125,0.3,5,43.24277702050862,461.0742660133242,8.648555404101725,6.4952764398170775,500.68295696616815,1000
56.25,0.3,5,42.973753978597,462.15281263120016,8.594750795719401,6.444431384084164,499.87343339020384,1000
56.375,0.3,5,42.70510995549449,463.22463717913575,8.541021991098898,6.393855007239629,499.0702528653708,1000
56.5,0.3,5,42.43686889895745,464.289749357953,8.48737377979149,6.3435486530615135,498.27338174309057,1000
56.625,0.3,5,42.169054326581254,465.34815946313216,8.43381086531625,6.293513591472187,497.4827862102876,1000
56.75,0.3,5,41.9016893273704,466.3998783740721,8.380337865474079,6.243751019869834,496.69843229855843,1000
56.875,0.3,5,41.63479656343421,467.44491754339134,8.326959312686842,6.1942620644527455,495.92028589317533,1000
57.0,0.3,5,41.36839827180424,468.4832889862723,8.273679654360848,6.145047781535942,495.1483127419243,1000
57.125,0.3,5,41.1025162663693,469.5150052698524,8.22050325327386,6.096109158859637,494.38247846377925,1000
57.25,0.3,5,40.837171939924225,470.5400795026642,8.167434387984844,6.047447116889113,493.6227485574126,1000
57.375,0.3,5,40.57238626632841,471.5585253241285,8.114477253265681,5.999062510105557,492.86908840954413,1000
57.5,0.3,5,40.30817980277031,472.5703568941017,8.061635960554062,5.950956128287487,492.1214633031291,1000
57.625,0.3,5,40.04457269213412,473.5755888824811,8.008914538426824,5.9031286977823445,491.37983842538586,1000
57.75,0.3,5,39.781584665464784,474.5742364588702,7.956316933092957,5.855580882767928,490.64417887566606,1000
57.875,0.3,5,39.51923504452772,475.5663152823065,7.903847008905544,5.808313286503297,489.91444967316676,1000
58.0,0.3,5,39.25754274445948,476.5518414910544,7.851508548891895,5.761326452568841,489.19061576448706,1000
58.125,0.3,5,38.9965262765059,477.53083169246463,7.79930525530118,5.714620866095201,488.47264203103043,1000
58.25,0.3,5,38.73620375084401,478.5033029529034,7.747240750168802,5.668196954980758,487.7604932962535,1000
58.375,0.3,5,38.476592879484315,479.46927278775297,7.695318575896863,5.622055091097424,487.0541343327637,1000
58.5,0.3,5,38.21771097924993,480.428759151485,7.643542195849986,5.576195591484482,486.3535298692661,1000
58.625,0.3,5,37.95957497482924,481.3817804278095,7.5919149949658475,5.530618719530258,485.6586445973624,1000
58.75,0.3,5,37.70220140189866,482.3283554199003,7.540440280379732,5.485324686141367,484.9694431782022,1000
58.875,0.3,5,37.44560641031234,483.2685033407,7.4891212820624675,5.440313650899405,484.2858902489888,1000
59.0,0.3,5,37.189805767355374,484.2022438033046,7.437961153471075,5.395585723204806,483.60795042934114,1000
59.125,0.3,5,36.93481486105767,485.12959681143,7.386962972211533,5.351140963407802,482.9355883275135,1000
59.25,0.3,5,36.680648703565005,486.05058274996236,7.336129740713001,5.306979383926231,482.26876854647384,1000
59.375,0.3,5,36.427321934564524,486.965222375593,7.2854643869129045,5.263100950350137,481.6074556898437,1000
59.5,0.3,5,36.17484882476149,487.87353680753927,7.234969764952298,5.219505582532966,480.95161436770053,1000
59.625,0.3,5,35.92324327940447,488.77554751835316,7.184648655880894,5.176193155669302,480.30120920224374,1000
59.75,0.3,5,35.672518841855975,489.6712763248181,7.134503768371195,5.1331635013589985,479.65620483332725,1000
59.875,0.3,5,35.422688697205935,490.5607453789358,7.084537739441187,5.090416408657652,479.0165659238596,1000
60.0,0.3,5,35.17376567592496,491.4439771590034,7.034753135184992,5.047951625113306,478.3822571650731,1000
60.125,0.3,5,34.925762257554965,492.3209944607825,6.985152451510993,5.005768857789365,477.75324328166397,1000
60.25,0.3,5,34.67869057443438,493.1918203887611,6.935738114886876,4.963867774273612,477.129489036806,1000
60.375,0.3,5,34.432562415455386,494.05647834750846,6.886512483091077,4.922248003673345,476.51095923703764,1000
60.5,0.3,5,34.18738922985073,494.9149920331243,6.837477845970146,4.880909137596549,475.89761873702656,1000
60.625,0.3,5,33.94318213100753,495.76738542478313,6.788636426201506,4.839850731119115,475.28943244421095,1000
60.75,0.3,5,33.69995190030582,496.61368277637416,6.739990380061164,4.79907230373808,474.6863653233215,1000
60.875,0.3,5,33.457708990979334,497.45390860823716,6.691541798195867,4.758573340310878,474.088382400785,1000
61.0,0.3,5,33.216463531996425,498.2880876989951,6.643292706399285,4.718353291980631,473.49544876901007,1000
61.125,0.3,5,32.97622533195869,499.1162450774841,6.595245066391738,4.678411577087457,472.9075295905588,1000
61.25,0.3,5,32.73700388301536,499.9384060147809,6.547400776603072,4.63874758206586,472.32459010220526,1000
61.375,0.3,5,32.498808364791124,500.75459601632843,6.499761672958225,4.599360662328196,471.7465956188819,1000
61.5,0.3,5,32.261647648325464,501.56484081415954,6.452329529665093,4.56025014313427,471.1735115375164,1000
61.625,0.3,5,32.02553030002144,502.3691663592193,6.405106060004288,4.521415320447092,470.6053033407606,1000
61.75,0.3,5,31.79046458560206,503.1675988137864,6.358092917120412,4.482855461774878,470.0419366006129,1000
61.875,0.3,5,31.55645847407225,503.96016454399296,6.31129169481445,4.444569806999304,469.48337698193626,1000
62.0,0.3,5,31.32351964168462,504.74689011244396,6.264703928336924,4.406557569190116,468.9295902458729,1000
62.125,0.3,5,31.09165547590727,505.52780227093564,6.218331095181454,4.36881793540615,468.3805422531586,1000
62.25,0.3,5,30.86087307939188,506.3029279532731,6.172174615878376,4.331350067482829,467.8361989673365,1000
62.375,0.3,5,30.631179273940422,507.0722942681869,6.126235854788084,4.294153102806237,467.2965264578742,1000
62.5,0.3,5,30.402580604468856,507.8359284923491,6.080516120893771,4.257226155073829,466.7614909031836,1000
62.625,0.3,5,30.17508334296624,508.59385806348837,6.035016668593248,4.220568315041897,466.231058593547,1000
62.75,0.3,5,29.94869349244773,509.3461105736036,5.989738698489546,4.184178651259857,465.7051959339502,1000
62.875,0.3,5,29.723416790900007,510.0927137622769,5.944683358180002,4.148056210791475,465.18386944682464,1000
63.0,0.3,5,29.49925871521767,510.83369551008445,5.899851743043534,4.112200019923125,464.66704577469943,1000
63.125,0.3,5,29.276224485129276,511.5690838321063,5.855244897025855,4.076609084859187,464.15469168276593,1000
63.25,0.3,5,29.054319067111624,512.2989068715339,5.8108638134223245,4.041282392404695,463.646774061356,1000
63.375,0.3,5,28.833547178291074,513.0231928933752,5.766709435658215,4.006218910635353,463.1432599283352,1000
63.5,0.3,5,28.613913290330608,513.7419702782577,5.722782658066121,3.9714175895550223,462.6441164314132,1000
63.625,0.3,5,28.395421633301474,514.4552675163279,5.679084326660295,3.936877361740808,462.1493108503722,1000
63.75,0.3,5,28.178076199538225,515.1631132012477,5.635615239907645,3.902597142975865,461.6588105992157,1000
63.875,0.3,5,27.9618807474761,515.8655360242874,5.59237614949522,3.8685758328700484,461.17258322823824,1000
64.0,0.3,5,27.746838805469665,516.5625647685132,5.549367761093933,3.834812315468527,460.6905964260189,1000
64.125,0.3,5,27.532953675591664,517.2542283030718,5.5065907351183325,3.8013054598485003,460.21281802133825,1000
64.25,0.3,5,27.32022843741113,517.9405555775684,5.464045687482226,3.768054120704131,459.73921598502227,1000
64.375,0.3,5,27.10866595174986,518.6215756165391,5.421733190349972,3.735057138919847,459.2697584317129,1000
64.5,0.3,5,26.89826886441623,519.2973175140175,5.3796537728832465,3.702313342132131,458.8044136215681,1000
64.625,0.3,5,26.689039609915657,519.9678104281948,5.337807921983131,3.6698215452799303,458.34314996189147,1000
64.75,0.3,5,26.480980415136724,520.6330835761704,5.296196083027345,3.6375805511438375,457.8859360086948,1000
64.875,0.3,5,26.274093303012325,521.2931662287973,5.254818660602465,3.6055891508741715,457.43274046819226,1000
65.0,0.3,5,26.068380096154964,521.9480877056167,5.213676019230993,3.5738461245080813,456.9835321982303,1000
65.125,0.3,5,25.86384242046559,522.5978773698836,5.172768484093118,3.5423502414758476,456.53828020965284,1000
65.25,0.3,5,25.660481708715214,523.242564623683,5.1320963417430425,3.5111002610964817,456.0969536676036,1000
65.375,0.3,5,25.458299204098715,523.8821789031356,5.091659840819743,3.4800949330627935,455.6595218927676,1000
65.5,0.3,5,25.257295963760242,524.5167496736901,5.0514591927520485,3.449332997916053,455.22595436255153,1000
65.625,0.3,5,25.057472862289536,525.146306425506,5.011494572457908,3.4188131875103855,454.7962207122063,1000
65.75,0.3,5,24.85883059518875,525.7708786689218,4.97176611903775,3.388534225467055,454.37029073589133,1000
65.875,0.3,5,24.661369682309168,526.3904959300098,4.932273936461834,3.358494827618762,453.9481343876828,1000
66.0,0.3,5,24.465090471257383,527.0051877462178,4.8930180942514765,3.3286937024441112,453.5297217825266,1000
66.125,0.3,5,24.269993140770445,527.6149836620936,4.8539986281540894,3.2991295514923724,453.1150231971378,1000
66.25,0.3,5,24.076077704059585,528.2199132250951,4.815215540811917,3.2698010697987034,452.7040090708471,1000
66.375,0.3,5,23.88334401212209,528.8200059814835,4.776668802424418,3.240706946289943,452.2966500063962,1000
66.5,0.3,5,23.691791757020997,529.4152914722983,4.7383583514042,3.2118458641811487,451.8929167706824,1000
66.625,0.3,5,23.501420475132196,530.0057992294153,4.700284095026439,3.183216501362985,451.4927802954543,1000
66.75,0.3,5,23.3122295503587,530.5915587716831,4.662445910071741,3.1548175307801407,451.09621167795996,1000
66.875,0.3,5,23.124218217311736,531.1725996011428,4.624843643462347,3.1266476208008713,450.7031821815472,1000
67.0,0.3,5,22.93738556445842,531.7489511993242,4.587477112891684,3.098705435577853,450.31366323621916,1000
67.125,0.3,5,22.751730537235726,532.3206430236221,4.550346107447146,3.0709896354004385,449.92762643914403,1000
67.25,0.3,5,22.567251941130603,532.887704503749,4.51345038822612,3.043498877038493,449.54504355512233,1000
67.375,0.3,5,22.38394844472596,533.4501650382651,4.476789688945192,3.0162318140779205,449.1658865170108,1000
67.5,0.3,5,22.201818582712406,534.0080539911844,4.440363716542481,2.9891870972480303,448.7901274261051,1000
67.625,0.3,5,22.02086075886554,534.5614006886548,4.404172151773108,2.96236337474087,448.4177385524815,1000
67.75,0.3,5,21.841073248988682,535.1102344157132,4.3682146497977365,2.9357592925226634,448.0486923352999,1000
67.875,0.3,5,21.662454203820968,535.6545844131138,4.332490840764193,2.9093734946374936,447.68296138306727,1000
68.0,0.3,5,21.485001651910586,536.1944798742272,4.297000330382117,2.8832046235033406,447.32051847386407,1000
68.125,0.3,5,21.30871350245323,536.7299499420144,4.261742700490646,2.857251320200636,446.96133655553416,1000
68.25,0.3,5,21.133587548095615,537.2610237060676,4.226717509619123,2.831512224753437,446.6053887458386,1000
68.375,0.3,5,20.95962146770405,537.7877301997232,4.19192429354081,2.8059859764033654,446.25264833257467,1000
68.5,0.3,5,20.78681282909801,538.3100983972429,4.157362565819602,2.7806712138764302,445.90308877366107,1000
68.625,0.3,5,20.615159091748747,538.828157211063,4.12303181834975,2.7555665756428662,445.5566836971904,1000
68.75,0.3,5,20.4446576094429,539.34193548911,4.08893152188858,2.730670700170113,445.21340690144916,1000
68.875,0.3,5,20.275305632911163,539.8514620121849,4.055061126582233,2.705982226169047,444.87323235490607,1000
69.0,0.3,5,20.10710031242202,540.3567654914093,4.021420062484404,2.6814997928336117,444.5361341961709,1000
69.125,0.3,5,19.940038700340622,540.8578745657388,3.9880077400681246,2.6572220400739437,444.20208673392267,1000
69.25,0.3,5,19.77411775365285,541.3548177995394,3.95482355073057,2.633147608743135,443.87106444680984,1000
69.375,0.3,5,19.609334336454666,541.8476236802259,3.921866867290933,2.6092751408577306,443.54304198332164,1000
69.5,0.3,5,19.44568522240681,542.3363206159627,3.8891370444813615,2.5856032798120947,443.21799416163276,1000
69.625,0.3,5,19.28316709715497,542.820936933426,3.856633419430994,2.562130670586754,442.89589596942125,1000
69.75,0.3,5,19.12177656071556,543.3015008756258,3.824355312143112,2.5388559599508365,442.5767225636608,1000
69.875,0.3,5,18.961510129827182,543.7780405997875,3.7923020259654363,2.5157777966587127,442.26044927038754,1000
70.0,0.3,5,18.80236424026793,544.2505841752908,3.760472848053586,2.492894831640956,441.94705158444344,1000
70.125,0.3,5,18.644335249138717,544.7191595816685,3.7288670498277434,2.4702057181897366,441.636505169195,1000
70.25,0.3,5,18.48741943711272,545.1837947066596,3.697483887422544,2.4477091121387464,441.3287858562299,1000
70.375,0.3,5,18.331613010651175,545.64451734432,3.666322602130235,2.425403672037773,441.02386964503097,1000
70.5,0.3,5,18.17691210418564,546.1013551931878,3.6353824208371277,2.4032880593220236,440.7217327026287,1000
70.625,0.3,5,18.023312782266952,546.5543358545026,3.6046625564533903,2.3813609384763055,440.4223513632327,1000
70.75,0.3,5,17.87081104168106,547.0034868304779,3.5741622083362117,2.3596209771941665,440.12570212784317,1000
70.875,0.3,5,17.719402813531914,547.4488355226276,3.543880562706383,2.338066846532097,439.83176166384254,1000
71.0,0.3,5,17.56908396529165,547.8904092301426,3.51381679305833,2.3166972210588903,439.54050680456794,1000
71.125,0.3,5,17.419850302818272,548.3282351483188,3.4839700605636543,2.2955107790002667,439.2519145488653,1000
71.25,0.3,5,17.27169757234105,548.7623403670357,3.4543395144682103,2.2745062023788583,438.9659620606256,1000
71.375,0.3,5,17.124621462413867,549.1927518692843,3.4249242924827734,2.2536821771496394,438.6826266683042,1000
71.5,0.3,5,16.978617605836767,549.6194965297428,3.3957235211673535,2.2330373933309184,438.40188586442275,1000
71.625,0.3,5,16.833681581545893,550.0426011134009,3.3667363163091784,2.21257054513096,438.12371730505555,1000
71.75,0.3,5,16.689808916472135,550.4620922742305,3.337961783294427,2.1922803310703465,437.8480988092997,1000
71.875,0.3,5,16.54699508736869,550.8779965539028,3.309399017473738,2.172165454100169,437.57500835873077,1000
72.0,0.3,5,16.405235522607782,551.2903403805509,3.2810471045215563,2.152224621716123,437.3044240968436,1000
72.125,0.3,5,16.264525603946876,551.6991500675766,3.252905120789375,2.1324565460686125,437.0363243284788,1000
72.25,0.3,5,16.124860668264542,552.1044518125016,3.2249721336529085,2.112859944068938,436.7706875192361,1000
72.375,0.3,5,15.98623600926633,552.5062716958616,3.197247201853266,2.0934335374916593,436.50749229487434,1000
72.5,0.3,5,15.848646879160894,552.9046356801425,3.169729375832179,2.0741760530732147,436.24671744069883,1000
72.625,0.3,5,15.712088490306641,553.2995696087589,3.1424176980613283,2.0550862226068753,435.9883419009368,1000
72.75,0.3,5,15.576556016829189,553.6910992050724,3.1153112033658377,2.0361627830341247,435.73234477810075,1000
72.875,0.3,5,15.44204459620991,554.0792500714513,3.0884089192419824,2.0174044765325294,435.478705332341,1000
73.0,0.3,5,15.308549330845869,554.4640476883692,3.0617098661691737,1.998810050600194,435.2274029807871,1000
73.125,0.3,5,15.17606528958141,554.8455174135421,3.035213057916282,1.9803782581368654,434.97841729687866,1000
73.25,0.3,5,15.044587509211716,555.2236844811033,3.008917501842343,1.962107857521769,434.7317280096871,1000
73.375,0.3,5,14.91411099595861,555.598574000817,2.9828221991917223,1.9439976126882461,434.48731500322657,1000
73.5,0.3,5,14.784630726918902,555.9702109573268,2.9569261453837803,1.926046293195269,434.2451583157565,1000
73.625,0.3,5,14.656141651485585,556.3386202094414,2.931228330297117,1.9082526742959063,434.0052381390753,1000
73.75,0.3,5,14.528638692742165,556.7038264894546,2.905727738548433,1.8906155370028055,433.7675348178054,1000
73.875,0.3,5,14.402116748830428,557.0658544025015,2.880423349766086,1.873133668150761,433.5320288486703,1000
74.0,0.3,5,14.276570694291959,557.4247284259463,2.855314138858392,1.8558058604564442,433.29870087976394,1000
74.125,0.3,5,14.151995381383687,557.7804729088057,2.8303990762767373,1.838630912575352,433.06753170981295,1000
74.25,0.3,5,14.028385641367786,558.133112071203,2.8056771282735573,1.8216076291560424,432.8385022874315,1000
74.375,0.3,5,13.905736285776209,558.4826700038561,2.781147257155242,1.8047348208917295,432.6115937103699,1000
74.5,0.3,5,13.784042107650192,558.8291706675953,2.7568084215300384,1.788011304569289,432.3867872247567,1000
74.625,0.3,5,13.663297882754978,559.1726378929127,2.732659576550996,1.771435903115741,432.16406422433454,1000
74.75,0.3,5,13.543498370770129,559.5130953795413,2.7086996741540257,1.7550074456422762,431.94340624969084,1000
74.875,0.3,5,13.424638316455685,559.8505666960639,2.6849276632911367,1.7387247674858806,431.7247949874827,1000
75.0,0.3,5,13.306712450794477,560.185075279551,2.661342490158895,1.7225867102486123,431.5082122696568,1000
75.125,0.3,5,13.189715492110912,560.516644435227,2.6379430984221823,1.7065921218345987,431.2936400726644,1000
75.25,0.3,5,13.073642147166543,560.8452973361636,2.614728429433309,1.6907398564848046,431.08106051667215,1000
75.375,0.3,5,12.958487112232675,561.1710570230016,2.591697422446535,1.6750287748096249,430.87045586476813,1000
75.5,0.3,5,12.84424507414037,561.4939464036974,2.568849014828074,1.6594577438193592,430.66180852216473,1000
75.625,0.3,5,12.730910711308116,561.8139882532977,2.5461821422616233,1.6440256369526243,430.45510103539664,1000
75.75,0.3,5,12.618478694747465,562.1312052137383,2.5236957389494927,1.6287313341027494,430.25031609151665,1000
75.875,0.3,5,12.506943689046944,562.4456197936681,2.5013887378093886,1.6135737216422108,430.04743651728734,1000
76.0,0.3,5,12.39630035333453,562.7572543682977,2.479260070666906,1.5985516924451553,429.84644527837014,1000
76.125,0.3,5,12.286543342219,563.0661311792717,2.4573086684438,1.5836641459080625,429.64732547851173,1000
76.25,0.3,5,12.177667306710426,563.3722723345643,2.435533461342085,1.5689099879685893,429.45006035872774,1000
76.375,0.3,5,12.069666895120136,563.6756998083979,2.4139333790240274,1.554288131122653,429.2546332964843,1000
76.5,0.3,5,11.962536753940416,563.9764354411842,2.392507350788083,1.53979749443979,429.0610278048777,1000
76.625,0.3,5,11.856271528704239,564.2745009394864,2.3712543057408477,1.5254370035768399,428.86922753181176,1000
76.75,0.3,5,11.750865864825336,564.5699178760033,2.350173172965067,1.5112055907900017,428.6792162591739,1000
76.875,0.3,5,11.646314408418865,564.8627076895738,2.329262881683773,1.4971021949453003,428.49097790200994,1000
77.0,0.3,5,11.542611807102999,565.1528916852026,2.3085223614205996,1.483125761527515,428.30449650769714,1000
77.125,0.3,5,11.439752710781661,565.4404910341045,2.287950542156332,1.4692752426475963,428.1197562551166,1000
77.25,0.3,5,11.337731772408764,565.725526773769,2.2675463544817527,1.4555495970486314,427.93674145382494,1000
77.375,0.3,5,11.236543648734164,566.0080198080439,2.247308729746833,1.441947790110384,427.7554365432246,1000
77.5,0.3,5,11.136183001031652,566.2879909072365,2.2272366002063304,1.4284687938524518,427.5758260917345,1000
77.625,0.3,5,11.036644495809242,566.5654607082338,2.2073288991618485,1.4151115869360857,427.39789479595964,1000
77.75,0.3,5,10.937922805502021,566.8404497146396,2.187584561100404,1.4018751546646986,427.2216274798611,1000
77.875,0.3,5,10.84001260914786,567.1129782969291,2.168002521829572,1.388758488983111,427.0470090939258,1000
78.0,0.3,5,10.74290859304623,567.3830666926204,2.148581718609246,1.375760588475561,426.8740247143361,1000
78.125,0.3,5,10.646605451400394,567.650735006462,2.1293210902800785,1.3628804583625194,426.70265954214034,1000
78.25,0.3,5,10.551097886943248,567.9160032106363,2.1102195773886496,1.3501171104963412,426.53289890242337,1000
78.375,0.3,5,10.456380611547077,568.178891144978,2.0912761223094156,1.3374695633557923,426.3647282434779,1000
78.5,0.3,5,10.362448346817477,568.4394185172092,2.0724896693634953,1.3249368420394776,426.1981331359762,1000
78.625,0.3,5,10.26929582467169,568.6976049031879,2.0538591649343383,1.3125179782582086,426.0330992721433,1000
78.75,0.3,5,10.176917787901656,568.9534697471703,2.035383557580331,1.3002120103263421,425.8696124649309,1000
78.875,0.3,5,10.08530899072196,569.2070323620887,2.0170617981443923,1.2880179831521168,425.70765864719215,1000
79.0,0.3,5,9.994464199302993,569.4583119298421,1.9988928398605985,1.2759349482270192,425.54722387085786,1000
79.125,0.3,5,9.904378192289537,569.7073275015993,1.9808756384579074,1.263961963614216,425.38829430611423,1000
79.25,0.3,5,9.815045761305036,569.954097998116,1.9630091522610074,1.2520980939360709,425.23085624058206,1000
79.375,0.3,5,9.726461711441788,570.1986422100639,1.9452923422883575,1.2403424103607805,425.07489607849743,1000
79.5,0.3,5,9.638620861737301,570.4409787983718,1.9277241723474603,1.2286939905881602,424.9204003398939,1000
79.625,0.3,5,9.551518045637053,570.6811262945788,1.9103036091274106,1.2171519188345967,424.76735565978714,1000
79.75,0.3,5,9.465148111443892,570.9191031011984,1.8930296222887784,1.2057152858172067,424.6157487873608,1000
79.875,0.3,5,9.379505922754303,571.154927492094,1.8759011845508606,1.194383188737216,424.4655665851548,1000
80.0,0.3,5,9.294586358881782,571.3886176128658,1.8589172717763565,1.1831547312625943,424.3167960282556,1000
80.125,0.3,5,9.210384315267536,571.6201914812469,1.8420768630535072,1.1720290235099622,424.16942420348863,1000
80.25,0.3,5,9.126894703878742,571.849666987511,1.8253789407757484,1.1610051820258012,424.0234383086133,1000
80.375,0.3,5,9.044112453594579,572.0770618948886,1.8088224907189159,1.1500823297669869,423.8788256515199,1000
80.5,0.3,5,8.962032510580267,572.3023938399934,1.7924065021160533,1.1392595960806695,423.7355736494294,1000
80.625,0.3,5,8.880649838649301,572.5256803332582,1.7761299677298603,1.1285361166835228,423.5936698280957,1000
80.75,0.3,5,8.799959419614147,572.7469387593788,1.7599918839228295,1.1179110336403881,423.4531018210102,1000
80.875,0.3,5,8.719956253625549,572.9661863777682,1.7439912507251099,1.1073834953423278,423.3138573686095,1000
81.0,0.3,5,8.640635359500708,573.183440323017,1.7281270719001416,1.0969526564841183,423.17592431748557,1000
81.125,0.3,5,8.56199177504051,573.3987176053637,1.7123983550081021,1.0866176780411936,423.03929061959894,1000
81.25,0.3,5,8.484020557336029,573.6120351111724,1.6968041114672059,1.0763777272460677,422.9039443314947,1000
81.375,0.3,5,8.406716783064477,573.8234096034173,1.6813433566128952,1.0662319775642513,422.7698736135214,1000
81.5,0.3,5,8.330075548774843,574.0328577221751,1.6660151097549687,1.056179608669682,422.6370667290531,1000
81.625,0.3,5,8.25409197116337,574.240395985125,1.6508183942326737,1.0462198064196881,422.5055120437147,1000
81.75,0.3,5,8.178761187339106,574.4460407880541,1.635752237467821,1.0363517628295043,422.37519802460986,1000
81.875,0.3,5,8.10407835507969,574.6498084053707,1.6208156710159378,1.0265746760463559,422.2461132395527,1000
82.0,0.3,5,8.03003865307758,574.8517149906229,1.606007730615516,1.0168877503231304,422.11824635630256,1000
82.125,0.3,5,7.956637281176907,575.0517765770242,1.5913274562353814,1.007290195991651,421.99158614180175,1000
82.25,0.3,5,7.883869460601121,575.2500090779844,1.5767738921202241,0.9977812294355735,421.86612146141744,1000
82.375,0.3,5,7.811730434171644,575.4464282876454,1.5623460868343289,0.9883600730629175,421.7418412781859,1000
82.5,0.3,5,7.740215466517683,575.641049881424,1.5480430933035367,0.9790259552782499,421.6187346520613,1000
82.625,0.3,5,7.669319844277379,575.8338894165586,1.5338639688554758,0.9697781104545369,421.49679073916695,1000
82.75,0.3,5,7.599038876290483,576.0249623326615,1.5198077752580965,0.9606157789046781,421.3759987910509,1000
82.875,0.3,5,7.529367893782717,576.2142839522754,1.5058735787565434,0.95153820685274,421.2563481539449,1000
83.0,0.3,5,7.460302250541992,576.4018694814348,1.4920604501083985,0.942544646404897,421.13782826802634,1000
83.125,0.3,5,7.391837323086651,576.5877340102317,1.4783674646173304,0.933634355520103,421.020428666685,1000
83.25,0.3,5,7.3239685108259085,576.7718925133851,1.4647937021651818,0.9248065979804985,420.90413897579236,1000
83.375,0.3,5,7.256691236212625,576.9543598508153,1.451338247242525,0.9160606433615732,420.7889489129755,1000
83.5,0.3,5,7.190000944888605,577.135150768221,1.438000188977721,0.9073957670020911,420.67484828689385,1000
83.625,0.3,5,7.123893105822557,577.3142798976603,1.4247786211645113,0.8988112499737956,420.5618269965206,1000
83.75,0.3,5,7.058363211440874,577.4917617581352,1.4116726422881747,0.8903063790509044,420.4498750304274,1000
83.875,0.3,5,6.9934067777513915,577.6676107561792,1.3986813555502784,0.8818804466794069,420.33898246607276,1000
84.0,0.3,5,6.929019344460268,577.841841186448,1.3858038688920535,0.8735327509461753,420.229139469095,1000
84.125,0.3,5,6.86519647508213,578.0144672323131,1.373039295016426,0.8652625955478997,420.12033629260816,1000
84.25,0.3,5,6.8019337570436536,578.1855029664573,1.3603867514087307,0.8570692897598626,420.0125632765024,1000
84.375,0.3,5,6.739226801780686,578.3549623514746,1.3478453603561371,0.8489521484045569,419.9058108467482,1000
84.5,0.3,5,6.6770712448290785,578.5228592404701,1.3354142489658156,0.840910491820164,419.8000695147042,1000
84.625,0.3,5,6.615462745909363,578.6892073776643,1.3230925491818726,0.8329436458288982,419.69532987642964,1000
84.75,0.3,5,6.554396989005398,578.8540203989978,1.3108793978010795,0.8250509417052306,419.59158261199997,1000
84.875,0.3,5,6.493869682437134,579.0173118327392,1.2987739364874267,0.8172317161439974,419.48881848482694,1000
85.0,0.3,5,6.433876558927611,579.1790951000931,1.286775311785522,0.8094853112284072,419.38702834098257,1000
85.125,0.3,5,6.374413375664351,579.3393835158121,1.2748826751328701,0.8018110743979543,419.286203108527,1000
85.25,0.3,5,6.3154759143552255,579.4981902888076,1.263095182871045,0.794208358416245,419.18633379684064,1000
85.375,0.3,5,6.257059981278978,579.6555285227644,1.2514119962557957,0.7866765213387503,419.08741149596017,1000
85.5,0.3,5,6.1991614073304815,579.8114112167547,1.2398322814660963,0.7792149264804871,418.9894273759183,1000
85.625,0.3,5,6.141776048060873,579.9658512658544,1.2283552096121746,0.7718229423836414,418.8923726860881,1000
85.75,0.3,5,6.084899783712686,580.1188614617597,1.2169799567425372,0.7644999427851397,418.79623875453103,1000
85.875,0.3,5,6.028528519250096,580.270454493404,1.2057057038500192,0.7572453065841762,418.70101698734925,1000
86.0,0.3,5,5.97265818438439,580.4206429475774,1.194531636876878,0.750058417809702,418.6066988680415,1000
86.125,0.3,5,5.9172847335947765,580.5694393095446,1.1834569467189553,0.7429386655878866,418.5132759568639,1000
86.25,0.3,5,5.862404146144656,580.7168559636646,1.1724808292289313,0.7358854441095565,418.420739890194,1000
86.375,0.3,5,5.808012426093449,580.8629051940105,1.16160248521869,0.7288981525976174,418.3290823798992,1000
86.5,0.3,5,5.754105602304101,581.0075991849895,1.15082112046082,0.7219761952744704,418.2382952127095,1000
86.625,0.3,5,5.700679728446366,581.1509500219629,1.1401359456892732,0.7151189813294235,418.1483702495938,1000
86.75,0.3,5,5.647730882995971,581.2929696918662,1.129546176599194,0.7083259248861085,418.0592994251409,1000
86.875,0.3,5,5.595255169229763,581.4336700838293,1.1190510338459527,0.7015964449699074,417.971074746944,1000
87.0,0.3,5,5.54324871521696,581.5730629897965,1.108649743043392,0.6949299654753976,417.88368829498955,1000
87.125,0.3,5,5.491707673806561,581.7111601051465,1.0983415347613121,0.6883259151338145,417.79713222105005,1000
87.25,0.3,5,5.440628222611068,581.8479730293109,1.0881256445222136,0.6817837274805468,417.7113987480812,1000
87.375,0.3,5,5.390006563986569,581.9835132663937,1.0780013127973138,0.675302840822662,417.62648016962277,1000
87.5,0.3,5,5.339838925009302,582.1177922257903,1.0679677850018605,0.6688826982064707,417.5423688492037,1000
87.625,0.3,5,5.2901215574487805,582.2508212228034,1.058024311489756,0.6625227473851346,417.45905721975106,1000
87.75,0.3,5,5.240850737737582,582.3826114792622,1.0481701475475165,0.6562224407863235,417.37653778300347,1000
87.875,0.3,5,5.192022766937876,582.5131741241372,1.0384045533875752,0.649981235479924,417.29480310892825,1000
88.0,0.3,5,5.143633970704786,582.6425201941562,1.0287267941409572,0.6437985931458082,417.21384583514237,1000
88.125,0.3,5,5.095680699246674,582.7706606344187,1.0191361398493348,0.6376739800416624,417.13365866633796,1000
88.25,0.3,5,5.048159327282425,582.8976062990092,1.009631865456485,0.631606866970885,417.05423437371167,1000
88.375,0.3,5,5.001066253995819,583.0233679516098,1.0002132507991637,0.6255967292505528,416.97556579439777,1000
88.5,0.3,5,4.954397902987065,583.1479562661108,0.990879580597413,0.6196430466794646,416.89764583090545,1000
88.625,0.3,5,4.9081507222215865,583.2713818272214,0.9816301444443173,0.6137453035062621,416.82046745056033,1000
88.75,0.3,5,4.862321183976134,583.3936551310779,0.9724642367952269,0.6079029883976342,416.74402368494924,1000
88.875,0.3,5,4.816905784782291,583.514786585851,0.9633811569564582,0.6021155944066079,416.6683076293701,1000
89.0,0.3,5,4.7719010453674615,583.6347865123514,0.9543802090734923,0.5963826189409291,416.5933124422844,1000
89.125,0.3,5,4.7273035105934085,583.7536651446349,0.9454607021186817,0.5907035637315363,416.51903134477504,1000
89.25,0.3,5,4.683109749392412,583.871432630604,0.9366219498784825,0.5850779348011317,416.4454576200069,1000
89.375,0.3,5,4.639316354701125,583.9880990326101,0.927863270940225,0.579505242432852,416.372584612692,1000
89.5,0.3,5,4.59591994339219,584.1036743280524,0.9191839886784379,0.5739850011390425,416.3004057285585,1000
89.625,0.3,5,4.552917156203683,584.2181684099761,0.9105834312407366,0.5685167296301366,416.2289144338233,1000
89.75,0.3,5,4.510304657666469,584.3315910876676,0.9020609315332939,0.5630999507836446,416.15810425466907,1000
89.875,0.3,5,4.46807913602951,584.4439520872492,0.8936158272059019,0.5577341916132542,416.08796877672444,1000
90.0,0.3,5,4.426237303183201,584.5552610522712,0.8852474606366402,0.5524189832380447,416.01850164454856,1000
90.125,0.3,5,4.38477589458081,584.6655275443027,0.8769551789161619,0.5471538608518197,415.94969656111954,1000
90.25,0.3,5,4.34369166915806,584.7747610435187,0.868738333831612,0.541938363692557,415.8815472873263,1000
90.375,0.3,5,4.302981409250928,584.8829709492874,0.8605962818501857,0.5367720350119806,415.81404764146464,1000
90.5,0.3,5,4.262641920511722,584.9901665807545,0.8525283841023444,0.531654422045259,415.7471914987368,1000
90.625,0.3,5,4.222670031823482,585.0963571774244,0.8445340063646964,0.5265850759808262,415.68097279075505,1000
90.75,0.3,5,4.183062595212782,585.2015518997412,0.8366125190425564,0.5215635519303331,415.6153855050489,1000
90.875,0.3,5,4.143816485760959,585.3057598296658,0.8287632971521918,0.5165894088987293,415.5504236845761,1000
91.0,0.3,5,4.104928601513861,585.4089899712516,0.8209857203027722,0.5116622097544753,415.4860814272375,1000
91.125,0.3,5,4.066395863390136,585.5112512512176,0.8132791726780273,0.5067815211998904,415.4223528853952,1000
91.25,0.3,5,4.028215215088127,585.6125525195198,0.8056430430176255,0.5019469137416362,415.359232265395,1000
91.375,0.3,5,3.9903836229914305,585.7129025499192,0.798076724598286,0.4971579616613362,415.2967138270922,1000
91.5,0.3,5,3.9528980760731542,585.8123100405487,0.7905796152146308,0.49241424298633596,415.234791883381,1000
91.625,0.3,5,3.915755585798941,585.9107836144764,0.7831511171597881,0.4877153394606032,415.17346079972754,1000
91.75,0.3,5,3.878953186028789,586.008331820267,0.7757906372057578,0.48306083651577003,415.11271499370696,1000
91.875,0.3,5,3.8424879329177286,586.1049631325415,0.7684975865835457,0.4784503232423186,415.0525489345436,1000
92.0,0.3,5,3.8063569048153973,586.2006859525322,0.7612713809630794,0.47388339236091165,414.99295714265514,1000
92.125,0.3,5,3.770557202164557,586.2955086086382,0.7541114404329113,0.46935964019386867,414.9339341892,1000
92.25,0.3,5,3.7350859473986016,586.3894393569758,0.7470171894797203,0.4648786666367898,414.87547469562844,1000
92.375,0.3,5,3.6999402848380947,586.4824863819273,0.7399880569676189,0.46044007513032764,414.8175733332374,1000
92.5,0.3,5,3.66511738058638,586.5746577966877,0.733023476117276,0.45604347263210926,414.76022482272873,1000
92.625,0.3,5,3.6306144224243098,586.6659616438078,0.726122884484862,0.45168846958880704,414.7034239337706,1000
92.75,0.3,5,3.596428619704126,586.7564058957356,0.7192857239408252,0.4473746799083624,414.64716548456283,1000
92.875,0.3,5,3.5625572032425388,586.8459984553543,0.7125114406485078,0.4431017209323609,414.5914443414057,1000
93.0,0.3,5,3.5289974252130407,586.9347471565179,0.7057994850426081,0.4388692134085608,414.53625541827165,1000
93.125,0.3,5,3.495746559037491,587.0226597645841,0.6991493118074982,0.43467678146357536,414.4815936763811,1000
93.25,0.3,5,3.462801899277009,587.1097439769444,0.6925603798554019,0.4305240525757095,414.4274541237813,1000
93.375,0.3,5,3.430160761522216,587.1960074235521,0.6860321523044431,0.4264106575479521,414.37383181492845,1000
93.5,0.3,5,3.397820482282854,587.2814576674463,0.6795640964565708,0.42233623048112306,414.3207218502737,1000
93.625,0.3,5,3.3657784188768263,587.3661022052739,0.6731556837753653,0.4183004087471794,414.26811937585194,1000
93.75,0.3,5,3.334031949318682,587.4499484678098,0.6668063898637364,0.4143028329626746,414.2160195828742,1000
93.875,0.3,5,3.3025784722075864,587.5330038204719,0.6605156944415173,0.410343146962379,414.16441770732337,1000
94.0,0.3,5,3.271415406614807,587.6152755638351,0.6542830813229614,0.40642099777305546,414.11330902955297,1000
94.125,0.3,5,3.2405401919707426,587.6967709341424,0.6481080383941485,0.402536035587395,414.0626888738898,1000
94.25,0.3,5,3.2099502879515325,587.7774971038125,0.6419900575903065,0.3986879137381095,414.0125526082388,1000
94.375,0.3,5,3.1796431743652755,587.8574611819452,0.6359286348730551,0.39487628867218544,413.9628956436925,1000
94.5,0.3,5,3.149616351037882,587.936670214823,0.6299232702075763,0.3911008199252946,413.9137134341421,1000
94.625,0.3,5,3.1198673376985933,588.0151311864113,0.6239734675397186,0.38736117009636584,413.8650014758932,1000
94.75,0.3,5,3.090393673865196,588.0928510188539,0.6180787347730392,0.38365700482231563,413.8167553072839,1000
94.875,0.3,5,3.0611929187289544,588.1698365729679,0.6122385837457909,0.37998799275293893,413.7689705083062,1000
95.0,0.3,5,3.0322626510392965,588.2460946487331,0.6064525302078593,0.37635380552596004,413.7216427002305,1000
95.125,0.3,5,3.003600468988266,588.3216319857811,0.6007200937976532,0.37275411774224254,413.67476754523346,1000
95.25,0.3,5,2.9752039900947818,588.3964552638795,0.5950407980189564,0.3691886069411604,413.6283407460286,1000
95.375,0.3,5,2.9470708510887156,588.470571103414,0.5894141702177431,0.36565695357612893,413.5823580455001,1000
95.5,0.3,5,2.9191987077948203,588.5439860658681,0.583839741558964,0.362158840990295,413.53681522633985,1000
95.625,0.3,5,2.8915852350165308,588.6167066542988,0.5783170470033061,0.35869395539238863,413.4917081106874,1000
95.75,0.3,5,2.864228126419659,588.6887393138105,0.5728456252839318,0.35526198583273355,413.44703255977254,1000
95.875,0.3,5,2.8371250944160047,588.7600904320251,0.567425018883201,0.3518626241794178,413.4027844735616,1000
96.0,0.3,5,2.8102738700469074,588.8307663395495,0.5620547740093815,0.3484955650946246,413.3589597904062,1000
96.125,0.3,5,2.7836722028667604,588.9007733104409,0.5567344405733521,0.3451605060111224,413.31555448669496,1000
96.25,0.3,5,2.7573178608265017,588.9701175626674,0.5514635721653003,0.34185714710891435,413.2725645765087,1000
96.375,0.3,5,2.731208630157106,589.0388052585681,0.5462417260314212,0.3385851912920466,413.22998611127747,1000
96.5,0.3,5,2.705342315253106,589.106842505308,0.5410684630506213,0.3353443441655769,413.1878151794416,1000
96.625,0.3,5,2.6797167385561425,589.1742353553315,0.5359433477112285,0.3321343140127004,413.14604790611514,1000
96.75,0.3,5,2.654329740438581,589.2409898068122,0.5308659480877161,0.32895481177203484,413.10468045275195,1000
96.875,0.3,5,2.6291791790872034,589.3071118041006,0.5258358358174406,0.3258055510150634,413.0637090168149,1000
97.0,0.3,5,2.6042629303869944,589.3726072381678,0.5208525860773989,0.32268624792373635,413.02312983144793,1000
97.125,0.3,5,2.5795788878050367,589.437481947047,0.5159157775610074,0.31959662126822835,412.98293916515064,1000
97.25,0.3,5,2.5551249622745407,589.5017417162722,0.5110249924549082,0.3165363923848547,412.9431333214559,1000
97.375,0.3,5,2.5308990820790123,589.5653922793138,0.5061798164158025,0.3135052851541433,412.9037086386099,1000
97.5,0.3,5,2.5068991927365896,589.6284393180106,0.5013798385473179,0.31050302597906404,412.8646614892555,1000
97.625,0.3,5,2.483123256884545,589.6908884630004,0.49662465137690903,0.30752934376341207,412.82598828011777,1000
97.75,0.3,5,2.459569254163988,589.7527452941464,0.49191385083279765,0.30458396989034936,412.7876854516923,1000
97.875,0.3,5,2.436235181104768,589.8140153409616,0.4872470362209536,0.30166663820109835,412.74974947793635,1000
98.0,0.3,5,2.413119051010597,589.8747040830297,0.4826238102021194,0.29877708497379274,412.71217686596253,1000
98.125,0.3,5,2.3902188938444073,589.934816950423,0.4780437787688815,0.29591504890248066,412.6749641557354,1000
98.25,0.3,5,2.3675327561139556,589.9943593241188,0.4735065512227911,0.2930802710762824,412.63810791977016,1000
98.375,0.3,5,2.345058700757685,590.0533365364108,0.469011740151537,0.29027249495870044,412.60160476283437,1000
98.5,0.3,5,2.322794807030859,590.1117538713198,0.4645589614061718,0.28749146636708295,412.56545132165223,1000
98.625,0.3,5,2.3007391703919806,590.1696165649998,0.4601478340783961,0.284736933452238,412.529644264611,1000
98.75,0.3,5,2.2788899023895044,590.2269298061426,0.45577798047790086,0.2820086466782004,412.4941802914706,1000
98.875,0.3,5,2.2572451305488634,590.2836987363786,0.45144902610977267,0.2793063588021494,412.45905613307536,1000
99.0,0.3,5,2.2358029982598024,590.3399284506751,0.4471605996519605,0.27662982485447507,412.42426855106794,1000
99.125,0.3,5,2.214561664664051,590.3956239977323,0.44291233293281024,0.27397880211899667,412.38981433760654,1000
99.25,0.3,5,2.193519304543329,590.4507903803755,0.4387038609086658,0.2713530501133283,412.3556903150841,1000
99.375,0.3,5,2.172674108207704,590.5054325559456,0.4345348216415408,0.2687523305693936,412.3218933358495,1000
99.5,0.3,5,2.1520242813843087,590.5595554366861,0.43040485627686176,0.26617640741408927,412.2884202819325,1000
99.625,0.3,5,2.1315680451064245,590.6131638901269,0.4263136090212849,0.26362504675009374,412.2552680647695,1000
99.75,0.3,5,2.1113036356029435,590.666262739467,0.4222607271205887,0.2610980168368242,412.222433624933,1000
99.875,0.3,5,2.0912293041882166,590.7188567639524,0.4182458608376433,0.25859508807153886,412.1899139318624,1000
