00:00:00:000	I_CD			5
00:00:00:000	S_CD			1000
00:00:00:000	R_CD			0
00:00:00:000		R_CD			0.0001
00:00:00:000		R_CD			0.0002
00:00:00:000		R_CD			0.0003
00:00:00:000		R_CD			0.0004
00:00:00:000	R_CD			0.0005
00:00:00:001		R_CD			0.0006
00:00:00:001		R_CD			0.0007
00:00:00:001		R_CD			0.0008
00:00:00:001		R_CD			0.0009
00:00:00:001	R_CD			0.001
00:00:00:002		R_CD			0.0011
00:00:00:002		R_CD			0.0012
00:00:00:002		R_CD			0.0013
00:00:00:002		R_CD			0.0014
00:00:00:002	R_CD			0.0015
00:00:00:003		R_CD			0.0016
00:00:00:003		R_CD			0.0017
00:00:00:003		R_CD			0.0018
00:00:00:003		R_CD			0.0019
00:00:00:003	R_CD			0.002
00:00:00:004		R_CD			0.0021
00:00:00:004		R_CD			0.0022
00:00:00:004		R_CD			0.0023
00:00:00:004		R_CD			0.0024
00:00:00:004	R_CD			0.0025
00:00:00:005		R_CD			0.0026
00:00:00:005		R_CD			0.0027
00:00:00:005		R_CD			0.0028
00:00:00:005		R_CD			0.0029
00:00:00:005	R_CD			0.003
00:00:00:006		R_CD			0.0031
00:00:00:006		R_CD			0.0032
00:00:00:006		R_CD			0.0033
00:00:00:006		R_CD			0.0034
00:00:00:006	R_CD			0.0035
00:00:00:007		R_CD			0.0036
00:00:00:007		R_CD			0.0037
00:00:00:007		R_CD			0.0038
00:00:00:007		R_CD			0.0039
00:00:00:007	R_CD			0.004
00:00:00:008		R_CD			0.0041
00:00:00:008		R_CD			0.0042
00:00:00:008		R_CD			0.0043
00:00:00:008		R_CD			0.0044
00:00:00:008		R_CD			0.0045
00:00:00:009		R_CD			0.0046
00:00:00:009		R_CD			0.0047
00:00:00:009		R_CD			0.0048
00:00:00:009		R_CD			0.0049
00:00:00:009		R_CD			0.005
00:00:00:010		R_CD			0.0051
00:00:00:010		R_CD			0.0052
00:00:00:010		R_CD			0.0053
00:00:00:010		R_CD			0.0054
00:00:00:010		R_CD			0.0055
00:00:00:011		R_CD			0.0056
00:00:00:011		R_CD			0.0057
00:00:00:011		R_CD			0.0058
00:00:00:011		R_CD			0.0059
00:00:00:011		R_CD			0.006
00:00:00:012		R_CD			0.0061
00:00:00:012		R_CD			0.0062
00:00:00:012		R_CD			0.0063
00:00:00:012		R_CD			0.0064
00:00:00:012		R_CD			0.0065
00:00:00:013		R_CD			0.0066
00:00:00:013		R_CD			0.0067
00:00:00:013		R_CD			0.0068
00:00:00:013		R_CD			0.0069
00:00:00:013		R_CD			0.007
00:00:00:014		R_CD			0.0071
00:00:00:014		R_CD			0.0072
00:00:00:014		R_CD			0.0073
00:00:00:014		R_CD			0.0074
00:00:00:014		R_CD			0.0075
00:00:00:015		R_CD			0.0076
00:00:00:015		R_CD			0.0077
00:00:00:015		R_CD			0.0078
00:00:00:015		R_CD			0.0079
00:00:00:015		R_CD			0.008
00:00:00:016		R_CD			0.0081
00:00:00:016		R_CD			0.0082
00:00:00:016		R_CD			0.0083
00:00:00:016		R_CD			0.0084
00:00:00:016		R_CD			0.0085
00:00:00:017		R_CD			0.0086
00:00:00:017		R_CD			0.0087
00:00:00:017		R_CD			0.0088
00:00:00:017		R_CD			0.0089
00:00:00:017		R_CD			0.009
00:00:00:018		R_CD			0.0091
00:00:00:018		R_CD			0.0092
00:00:00:018		R_CD			0.0093
00:00:00:018		R_CD			0.0094
00:00:00:018		R_CD			0.0095
00:00:00:019		R_CD			0.0096
00:00:00:019		R_CD			0.0097
00:00:00:019		R_CD			0.0098
00:00:00:019		R_CD			0.0099
00:00:00:019		R_CD			0.01
00:00:00:020		R_CD			0.0101
00:00:00:020		R_CD			0.010201
00:00:00:020		R_CD			0.010303
00:00:00:020		R_CD			0.010406
00:00:00:021		R_CD			0.0105101
00:00:00:021		R_CD			0.0106152
00:00:00:021		R_CD			0.0107214
00:00:00:021		R_CD			0.0108286
00:00:00:021		R_CD			0.0109369
00:00:00:022		R_CD			0.0110462
00:00:00:022		R_CD			0.0111567
00:00:00:022		R_CD			0.0112682
00:00:00:022		R_CD			0.0113809
00:00:00:022		R_CD			0.0114947
00:00:00:023		R_CD			0.0116097
00:00:00:023		R_CD			0.0117258
00:00:00:023		R_CD			0.011843
00:00:00:023		R_CD			0.0119615
00:00:00:024		R_CD			0.0120811
00:00:00:024		R_CD			0.0122019
00:00:00:024		R_CD			0.0123239
00:00:00:024		R_CD			0.0124472
00:00:00:025		R_CD			0.0125716
00:00:00:025		R_CD			0.0126973
00:00:00:025		R_CD			0.0128243
00:00:00:025		R_CD			0.0129526
00:00:00:026		R_CD			0.0130821
00:00:00:026		R_CD			0.0132129
00:00:00:026		R_CD			0.013345
00:00:00:026		R_CD			0.0134785
00:00:00:027		R_CD			0.0136133
00:00:00:027		R_CD			0.0137494
00:00:00:027		R_CD			0.0138869
00:00:00:028		R_CD			0.0140258
00:00:00:028		R_CD			0.014166
00:00:00:028		R_CD			0.0143077
00:00:00:028		R_CD			0.0144508
00:00:00:029		R_CD			0.0145953
00:00:00:029		R_CD			0.0147412
00:00:00:029		R_CD			0.0148886
00:00:00:030		R_CD			0.0150375
00:00:00:030		R_CD			0.0151879
00:00:00:030		R_CD			0.0153398
00:00:00:030		R_CD			0.0154932
00:00:00:031		R_CD			0.0156481
00:00:00:031		R_CD			0.0158046
00:00:00:031		R_CD			0.0159626
00:00:00:032		R_CD			0.0161223
00:00:00:032		R_CD			0.0162835
00:00:00:032		R_CD			0.0164463
00:00:00:033		R_CD			0.0166108
00:00:00:033		R_CD			0.0167769
00:00:00:033		R_CD			0.0169447
00:00:00:034		R_CD			0.0171141
00:00:00:034		R_CD			0.0172852
00:00:00:034		R_CD			0.0174581
00:00:00:035		R_CD			0.0176327
00:00:00:035		R_CD			0.017809
00:00:00:035		R_CD			0.0179871
00:00:00:036		R_CD			0.018167
00:00:00:036		R_CD			0.0183486
00:00:00:037		R_CD			0.0185321
00:00:00:037		R_CD			0.0187174
00:00:00:037		R_CD			0.0189046
00:00:00:038		R_CD			0.0190937
00:00:00:038		R_CD			0.0192846
00:00:00:038		R_CD			0.0194774
00:00:00:039		R_CD			0.0196722
00:00:00:039		R_CD			0.0198689
00:00:00:040		R_CD			0.0200676
00:00:00:040		R_CD			0.0202683
00:00:00:040		R_CD			0.020471
00:00:00:041		R_CD			0.0206757
00:00:00:041		R_CD			0.0208825
00:00:00:042		R_CD			0.0210913
00:00:00:042		R_CD			0.0213022
00:00:00:043		R_CD			0.0215152
00:00:00:043		R_CD			0.0217304
00:00:00:043		R_CD			0.0219477
00:00:00:044		R_CD			0.0221672
00:00:00:044		R_CD			0.0223888
00:00:00:045		R_CD			0.0226127
00:00:00:045		R_CD			0.0228388
00:00:00:046		R_CD			0.0230672
00:00:00:046		R_CD			0.0232979
00:00:00:047		R_CD			0.0235309
00:00:00:047		R_CD			0.0237662
00:00:00:048		R_CD			0.0240038
00:00:00:048		R_CD			0.0242439
00:00:00:048		R_CD			0.0244863
00:00:00:049		R_CD			0.0247312
00:00:00:049		R_CD			0.0249785
00:00:00:050	I_CD			5.05
00:00:00:050		R_CD			0.0252283
00:00:00:050		R_CD			0.0254806
00:00:00:051		R_CD			0.0257354
00:00:00:051		R_CD			0.0259927
00:00:00:052		R_CD			0.0262527
00:00:00:053			R_CD			0.0265152
00:00:00:053		R_CD			0.0267803
00:00:00:054		R_CD			0.0270481
00:00:00:054		R_CD			0.0273186
00:00:00:055		R_CD			0.0275918
00:00:00:055		R_CD			0.0278677
00:00:00:056		R_CD			0.0281464
00:00:00:056		R_CD			0.0284279
00:00:00:057		R_CD			0.0287121
00:00:00:057		R_CD			0.0289993
00:00:00:058		R_CD			0.0292893
00:00:00:059		R_CD			0.0295821
00:00:00:059		R_CD			0.029878
00:00:00:060		R_CD			0.0301767
00:00:00:060		R_CD			0.0304785
00:00:00:061		R_CD			0.0307833
00:00:00:062		R_CD			0.0310911
00:00:00:062		R_CD			0.031402
00:00:00:063		R_CD			0.0317161
00:00:00:063		R_CD			0.0320332
00:00:00:064		R_CD			0.0323536
00:00:00:065		R_CD			0.0326771
00:00:00:065		R_CD			0.0330039
00:00:00:066		R_CD			0.0333339
00:00:00:067		R_CD			0.0336672
00:00:00:067		R_CD			0.0340039
00:00:00:068		R_CD			0.034344
00:00:00:069		R_CD			0.0346874
00:00:00:069		R_CD			0.0350343
00:00:00:070		R_CD			0.0353846
00:00:00:071		R_CD			0.0357385
00:00:00:071		R_CD			0.0360958
00:00:00:072		R_CD			0.0364568
00:00:00:073		R_CD			0.0368214
00:00:00:074		R_CD			0.0371896
00:00:00:074		R_CD			0.0375615
00:00:00:075		R_CD			0.0379371
00:00:00:076		R_CD			0.0383165
00:00:00:077		R_CD			0.0386996
00:00:00:077		R_CD			0.0390866
00:00:00:078		R_CD			0.0394775
00:00:00:079		R_CD			0.0398723
00:00:00:080		R_CD			0.040271
00:00:00:081		R_CD			0.0406737
00:00:00:081		R_CD			0.0410804
00:00:00:082		R_CD			0.0414912
00:00:00:083		R_CD			0.0419062
00:00:00:084		R_CD			0.0423252
00:00:00:085		R_CD			0.0427485
00:00:00:085		R_CD			0.043176
00:00:00:086		R_CD			0.0436077
00:00:00:087		R_CD			0.0440438
00:00:00:088		R_CD			0.0444842
00:00:00:089		R_CD			0.0449291
00:00:00:090		R_CD			0.0453784
00:00:00:091		R_CD			0.0458321
00:00:00:092		R_CD			0.0462905
00:00:00:093		R_CD			0.0467534
00:00:00:094		R_CD			0.0472209
00:00:00:094		R_CD			0.0476931
00:00:00:095		R_CD			0.04817
00:00:00:096		R_CD			0.0486517
00:00:00:097		R_CD			0.0491383
00:00:00:098		R_CD			0.0496296
00:00:00:099		R_CD			0.0501259
00:00:00:100	I_CD			5.1005
00:00:00:100		R_CD			0.0506272
00:00:00:101		R_CD			0.0511335
00:00:00:102		R_CD			0.0516448
00:00:00:103		R_CD			0.0521613
00:00:00:104		R_CD			0.0526829
00:00:00:105		R_CD			0.0532097
00:00:00:106		R_CD			0.0537418
00:00:00:107		R_CD			0.0542792
00:00:00:108		R_CD			0.054822
00:00:00:110		R_CD			0.0553702
00:00:00:111		R_CD			0.0559239
00:00:00:112		R_CD			0.0564832
00:00:00:113		R_CD			0.057048
00:00:00:114		R_CD			0.0576185
00:00:00:115		R_CD			0.0581947
00:00:00:116		R_CD			0.0587766
00:00:00:117		R_CD			0.0593644
00:00:00:119		R_CD			0.059958
00:00:00:120		R_CD			0.0605576
00:00:00:121		R_CD			0.0611632
00:00:00:122		R_CD			0.0617748
00:00:00:123		R_CD			0.0623926
00:00:00:125		R_CD			0.0630165
00:00:00:126		R_CD			0.0636466
00:00:00:127		R_CD			0.0642831
00:00:00:128		R_CD			0.0649259
00:00:00:130		R_CD			0.0655752
00:00:00:131		R_CD			0.066231
00:00:00:132		R_CD			0.0668933
00:00:00:133		R_CD			0.0675622
00:00:00:135		R_CD			0.0682378
00:00:00:136		R_CD			0.0689202
00:00:00:137		R_CD			0.0696094
00:00:00:139		R_CD			0.0703055
00:00:00:140		R_CD			0.0710085
00:00:00:142		R_CD			0.0717186
00:00:00:143		R_CD			0.0724358
00:00:00:144		R_CD			0.0731602
00:00:00:146		R_CD			0.0738918
00:00:00:147		R_CD			0.0746307
00:00:00:149		R_CD			0.075377
00:00:00:150	I_CD			5.15151
00:00:00:150		R_CD			0.0761308
00:00:00:152		R_CD			0.0768921
00:00:00:153		R_CD			0.077661
00:00:00:155		R_CD			0.0784376
00:00:00:156		R_CD			0.079222
00:00:00:158		R_CD			0.0800142
00:00:00:159		R_CD			0.0808143
00:00:00:161		R_CD			0.0816225
00:00:00:162		R_CD			0.0824387
00:00:00:164		R_CD			0.0832631
00:00:00:166		R_CD			0.0840957
00:00:00:167		R_CD			0.0849367
00:00:00:169		R_CD			0.0857861
00:00:00:171		R_CD			0.0866439
00:00:00:172		R_CD			0.0875104
00:00:00:174		R_CD			0.0883855
00:00:00:176		R_CD			0.0892693
00:00:00:177		R_CD			0.090162
00:00:00:179		R_CD			0.0910636
00:00:00:181		R_CD			0.0919743
00:00:00:183		R_CD			0.092894
00:00:00:185		R_CD			0.0938229
00:00:00:186		R_CD			0.0947612
00:00:00:188		R_CD			0.0957088
00:00:00:190		R_CD			0.0966659
00:00:00:192		R_CD			0.0976325
00:00:00:194		R_CD			0.0986089
00:00:00:196		R_CD			0.0995949
00:00:00:198		R_CD			0.100591
00:00:00:200	I_CD			5.20302
00:00:00:200		R_CD			0.101597
00:00:00:202		R_CD			0.102613
00:00:00:204		R_CD			0.103639
00:00:00:206		R_CD			0.104675
00:00:00:208		R_CD			0.105722
00:00:00:210		R_CD			0.106779
00:00:00:212		R_CD			0.107847
00:00:00:214		R_CD			0.108926
00:00:00:216		R_CD			0.110015
00:00:00:218		R_CD			0.111115
00:00:00:220		R_CD			0.112226
00:00:00:222		R_CD			0.113348
00:00:00:224		R_CD			0.114482
00:00:00:227		R_CD			0.115627
00:00:00:229		R_CD			0.116783
00:00:00:231		R_CD			0.117951
00:00:00:233		R_CD			0.11913
00:00:00:236		R_CD			0.120322
00:00:00:238		R_CD			0.121525
00:00:00:240		R_CD			0.12274
00:00:00:243		R_CD			0.123967
00:00:00:245		R_CD			0.125207
00:00:00:247		R_CD			0.126459
00:00:00:250	I_CD			5.25505
00:00:00:250		R_CD			0.127724
00:00:00:252		R_CD			0.129001
00:00:00:255		R_CD			0.130291
00:00:00:257		R_CD			0.131594
00:00:00:260		R_CD			0.13291
00:00:00:262		R_CD			0.134239
00:00:00:265		R_CD			0.135581
00:00:00:267		R_CD			0.136937
00:00:00:270		R_CD			0.138307
00:00:00:273		R_CD			0.13969
00:00:00:275		R_CD			0.141086
00:00:00:278		R_CD			0.142497
00:00:00:281		R_CD			0.143922
00:00:00:283		R_CD			0.145362
00:00:00:286		R_CD			0.146815
00:00:00:289		R_CD			0.148283
00:00:00:292		R_CD			0.149766
00:00:00:295		R_CD			0.151264
00:00:00:298		R_CD			0.152776
00:00:00:300	I_CD			5.3076
00:00:00:300		R_CD			0.154304
00:00:00:303		R_CD			0.155847
00:00:00:306		R_CD			0.157406
00:00:00:309		R_CD			0.15898
00:00:00:312		R_CD			0.16057
00:00:00:315		R_CD			0.162175
00:00:00:318		R_CD			0.163797
00:00:00:321		R_CD			0.165435
00:00:00:325		R_CD			0.167089
00:00:00:328		R_CD			0.16876
00:00:00:331		R_CD			0.170448
00:00:00:334		R_CD			0.172152
00:00:00:337		R_CD			0.173874
00:00:00:341		R_CD			0.175613
00:00:00:344		R_CD			0.177369
00:00:00:347		R_CD			0.179142
00:00:00:350	I_CD			5.36068
00:00:00:351		R_CD			0.180934
00:00:00:354		R_CD			0.182743
00:00:00:357		R_CD			0.184571
00:00:00:361		R_CD			0.186416
00:00:00:364		R_CD			0.18828
00:00:00:368		R_CD			0.190163
00:00:00:371		R_CD			0.192065
00:00:00:375		R_CD			0.193986
00:00:00:379		R_CD			0.195925
00:00:00:382		R_CD			0.197885
00:00:00:386		R_CD			0.199863
00:00:00:390		R_CD			0.201862
00:00:00:393		R_CD			0.203881
00:00:00:397		R_CD			0.20592
00:00:00:400	I_CD			5.41428
00:00:00:401		R_CD			0.207979
00:00:00:405		R_CD			0.210059
00:00:00:409		R_CD			0.212159
00:00:00:413		R_CD			0.214281
00:00:00:417		R_CD			0.216424
00:00:00:421		R_CD			0.218588
00:00:00:425		R_CD			0.220774
00:00:00:429		R_CD			0.222981
00:00:00:433		R_CD			0.225211
00:00:00:437		R_CD			0.227463
00:00:00:441		R_CD			0.229738
00:00:00:445		R_CD			0.232035
00:00:00:450	I_CD			5.46843
00:00:00:450		R_CD			0.234356
00:00:00:454		R_CD			0.236699
00:00:00:458		R_CD			0.239066
00:00:00:463		R_CD			0.241457
00:00:00:467		R_CD			0.243871
00:00:00:472		R_CD			0.24631
00:00:00:476		R_CD			0.248773
00:00:00:481		R_CD			0.251261
00:00:00:485		R_CD			0.253774
00:00:00:490		R_CD			0.256311
00:00:00:495		R_CD			0.258874
00:00:00:499		R_CD			0.261463
00:00:00:500	I_CD			5.52311
00:00:00:504		R_CD			0.264078
00:00:00:509		R_CD			0.266719
00:00:00:514		R_CD			0.269386
00:00:00:519		R_CD			0.27208
00:00:00:523		R_CD			0.2748
00:00:00:528		R_CD			0.277548
00:00:00:533		R_CD			0.280324
00:00:00:539		R_CD			0.283127
00:00:00:544		R_CD			0.285958
00:00:00:549		R_CD			0.288818
00:00:00:550	I_CD			5.57834
00:00:00:554		R_CD			0.291706
00:00:00:559		R_CD			0.294623
00:00:00:565		R_CD			0.29757
00:00:00:570		R_CD			0.300545
00:00:00:575		R_CD			0.303551
00:00:00:581		R_CD			0.306586
00:00:00:586		R_CD			0.309652
00:00:00:592		R_CD			0.312749
00:00:00:597		R_CD			0.315876
00:00:00:600	I_CD			5.63413
00:00:00:603		R_CD			0.319035
00:00:00:609		R_CD			0.322225
00:00:00:614		R_CD			0.325447
00:00:00:620		R_CD			0.328702
00:00:00:626		R_CD			0.331989
00:00:00:632		R_CD			0.335309
00:00:00:638		R_CD			0.338662
00:00:00:644		R_CD			0.342048
00:00:00:650	I_CD			5.69047
00:00:00:650		R_CD			0.345469
00:00:00:656		R_CD			0.348924
00:00:00:662		R_CD			0.352413
00:00:00:668		R_CD			0.355937
00:00:00:675		R_CD			0.359496
00:00:00:681		R_CD			0.363091
00:00:00:687		R_CD			0.366722
00:00:00:694		R_CD			0.370389
00:00:00:700	I_CD			5.74737
00:00:00:700		R_CD			0.374093
00:00:00:707		R_CD			0.377834
00:00:00:713		R_CD			0.381613
00:00:00:720		R_CD			0.385429
00:00:00:727		R_CD			0.389283
00:00:00:733		R_CD			0.393176
00:00:00:740		R_CD			0.397108
00:00:00:747		R_CD			0.401079
00:00:00:750	I_CD			5.80484
00:00:00:754		R_CD			0.40509
00:00:00:761		R_CD			0.40914
00:00:00:768		R_CD			0.413232
00:00:00:775		R_CD			0.417364
00:00:00:782		R_CD			0.421538
00:00:00:790		R_CD			0.425753
00:00:00:797		R_CD			0.430011
00:00:00:800	I_CD			5.86289
00:00:00:804		R_CD			0.434311
00:00:00:812		R_CD			0.438654
00:00:00:819		R_CD			0.44304
00:00:00:827		R_CD			0.447471
00:00:00:834		R_CD			0.451946
00:00:00:842		R_CD			0.456465
00:00:00:850	I_CD			5.92152
00:00:00:850		R_CD			0.46103
00:00:00:858		R_CD			0.46564
00:00:00:866		R_CD			0.470296
00:00:00:874		R_CD			0.474999
00:00:00:882		R_CD			0.479749
00:00:00:890		R_CD			0.484547
00:00:00:898		R_CD			0.489392
00:00:00:900	I_CD			5.98074
00:00:00:906		R_CD			0.494286
00:00:00:914		R_CD			0.499229
00:00:00:923		R_CD			0.504221
00:00:00:931		R_CD			0.509264
00:00:00:940		R_CD			0.514356
00:00:00:948		R_CD			0.5195
00:00:00:950	I_CD			6.04054
00:00:00:957		R_CD			0.524695
00:00:00:966		R_CD			0.529942
00:00:00:974		R_CD			0.535241
00:00:00:983		R_CD			0.540594
00:00:00:992		R_CD			0.545999
00:00:01:000	I_CD			6.10095
00:00:01:001		R_CD			0.551459
00:00:01:010		R_CD			0.556974
00:00:01:019		R_CD			0.562544
00:00:01:029		R_CD			0.568169
00:00:01:038		R_CD			0.573851
00:00:01:047		R_CD			0.579589
00:00:01:050	I_CD			6.16196
00:00:01:057		R_CD			0.585385
00:00:01:066		R_CD			0.591239
00:00:01:076		R_CD			0.597152
00:00:01:085		R_CD			0.603123
00:00:01:095		R_CD			0.609154
00:00:01:100	I_CD			6.22358
00:00:01:105		R_CD			0.615246
00:00:01:115		R_CD			0.621398
00:00:01:125		R_CD			0.627612
00:00:01:135		R_CD			0.633888
00:00:01:145		R_CD			0.640227
00:00:01:150	I_CD			6.28582
00:00:01:155		R_CD			0.64663
00:00:01:166		R_CD			0.653096
00:00:01:176		R_CD			0.659627
00:00:01:187		R_CD			0.666223
00:00:01:197		R_CD			0.672885
00:00:01:200	I_CD			6.34867
00:00:01:208		R_CD			0.679614
00:00:01:219		R_CD			0.68641
00:00:01:229		R_CD			0.693274
00:00:01:240		R_CD			0.700207
00:00:01:250	I_CD			6.41216
00:00:01:251		R_CD			0.707209
00:00:01:262		R_CD			0.714281
00:00:01:273		R_CD			0.721424
00:00:01:285		R_CD			0.728638
00:00:01:296		R_CD			0.735925
00:00:01:300	I_CD			6.47628
00:00:01:307		R_CD			0.743284
00:00:01:319		R_CD			0.750717
00:00:01:331		R_CD			0.758224
00:00:01:342		R_CD			0.765806
00:00:01:350	I_CD			6.54104
00:00:01:354		R_CD			0.773464
00:00:01:366		R_CD			0.781199
00:00:01:378		R_CD			0.789011
00:00:01:390		R_CD			0.796901
00:00:01:400	I_CD			6.60645
00:00:01:402		R_CD			0.80487
00:00:01:414		R_CD			0.812919
00:00:01:426		R_CD			0.821048
00:00:01:439		R_CD			0.829259
00:00:01:450	I_CD			6.67252
00:00:01:451		R_CD			0.837551
00:00:01:464		R_CD			0.845927
00:00:01:477		R_CD			0.854386
00:00:01:489		R_CD			0.86293
00:00:01:500	I_CD			6.73924
00:00:01:502		R_CD			0.871559
00:00:01:515		R_CD			0.880275
00:00:01:528		R_CD			0.889077
00:00:01:542		R_CD			0.897968
00:00:01:550	I_CD			6.80664
00:00:01:555		R_CD			0.906948
00:00:01:568		R_CD			0.916017
00:00:01:582		R_CD			0.925177
00:00:01:595		R_CD			0.934429
00:00:01:600	I_CD			6.8747
00:00:01:609		R_CD			0.943774
00:00:01:623		R_CD			0.953211
00:00:01:636		R_CD			0.962743
00:00:01:650	I_CD			6.94345
00:00:01:650		R_CD			0.972371
00:00:01:664		R_CD			0.982095
00:00:01:679		R_CD			0.991915
00:00:01:693		R_CD			1.00183
00:00:01:700	I_CD			7.01288
00:00:01:707		R_CD			1.01185
00:00:01:722		R_CD			1.02197
00:00:01:736		R_CD			1.03219
00:00:01:750	I_CD			7.08301
00:00:01:751		R_CD			1.04251
00:00:01:766		R_CD			1.05294
00:00:01:781		R_CD			1.06347
00:00:01:796		R_CD			1.0741
00:00:01:800	I_CD			7.15384
00:00:01:811		R_CD			1.08484
00:00:01:826		R_CD			1.09569
00:00:01:841		R_CD			1.10665
00:00:01:850	I_CD			7.22538
00:00:01:856		R_CD			1.11772
00:00:01:872		R_CD			1.12889
00:00:01:888		R_CD			1.14018
00:00:01:900	I_CD			7.29764
00:00:01:903		R_CD			1.15158
00:00:01:919		R_CD			1.1631
00:00:01:935		R_CD			1.17473
00:00:01:950	I_CD			7.37061
00:00:01:951		R_CD			1.18648
00:00:01:967		R_CD			1.19834
00:00:01:983		R_CD			1.21033
00:00:02:000	I_CD			7.44432
00:00:02:000		R_CD			1.22243
00:00:02:016		R_CD			1.23465
00:00:02:033		R_CD			1.247
00:00:02:050	I_CD			7.51876
00:00:02:050		R_CD			1.25947
00:00:02:066		R_CD			1.27206
00:00:02:083		R_CD			1.28478
00:00:02:100	I_CD			7.59395
00:00:02:100		R_CD			1.29763
00:00:02:117		R_CD			1.31061
00:00:02:135		R_CD			1.32372
00:00:02:150	I_CD			7.66989
00:00:02:152		R_CD			1.33695
00:00:02:170		R_CD			1.35032
00:00:02:187		R_CD			1.36382
00:00:02:200	I_CD			7.74659
00:00:02:205		R_CD			1.37746
00:00:02:223		R_CD			1.39124
00:00:02:241		R_CD			1.40515
00:00:02:250	I_CD			7.82405
00:00:02:259		R_CD			1.4192
00:00:02:277		R_CD			1.43339
00:00:02:295		R_CD			1.44773
00:00:02:300	I_CD			7.90229
00:00:02:313		R_CD			1.4622
00:00:02:332		R_CD			1.47683
00:00:02:350	I_CD			7.98132
00:00:02:351		R_CD			1.4916
00:00:02:369		R_CD			1.50651
00:00:02:388		R_CD			1.52158
00:00:02:400	I_CD			8.06113
00:00:02:407		R_CD			1.53679
00:00:02:426		R_CD			1.55216
00:00:02:446		R_CD			1.56768
00:00:02:450	I_CD			8.14174
00:00:02:465		R_CD			1.58336
00:00:02:484		R_CD			1.59919
00:00:02:500	I_CD			8.22316
00:00:02:504		R_CD			1.61518
00:00:02:524		R_CD			1.63134
00:00:02:543		R_CD			1.64765
00:00:02:550	I_CD			8.30539
00:00:02:563		R_CD			1.66413
00:00:02:583		R_CD			1.68077
00:00:02:600	I_CD			8.38844
00:00:02:603		R_CD			1.69757
00:00:02:624		R_CD			1.71455
00:00:02:644		R_CD			1.7317
00:00:02:650	I_CD			8.47233
00:00:02:665		R_CD			1.74901
00:00:02:685		R_CD			1.7665
00:00:02:700	I_CD			8.55705
00:00:02:706		R_CD			1.78417
00:00:02:727		R_CD			1.80201
00:00:02:748		R_CD			1.82003
00:00:02:750	I_CD			8.64262
00:00:02:769		R_CD			1.83823
00:00:02:790		R_CD			1.85661
00:00:02:800	I_CD			8.72905
00:00:02:812		R_CD			1.87518
00:00:02:833		R_CD			1.89393
00:00:02:850	I_CD			8.81634
00:00:02:855		R_CD			1.91287
00:00:02:877		R_CD			1.932
00:00:02:898		R_CD			1.95132
00:00:02:900	I_CD			8.9045
00:00:02:920		R_CD			1.97083
00:00:02:942		R_CD			1.99054
00:00:02:950	I_CD			8.99355
00:00:02:965		R_CD			2.01045
00:00:02:987		R_CD			2.03055
00:00:03:000	I_CD			9.08348
00:00:03:010		R_CD			2.05085
00:00:03:032		R_CD			2.07136
00:00:03:050	I_CD			9.17432
00:00:03:055		R_CD			2.09208
00:00:03:078		R_CD			2.113
00:00:03:100	I_CD			9.26606
00:00:03:101		R_CD			2.13413
00:00:03:124		R_CD			2.15547
00:00:03:147		R_CD			2.17702
00:00:03:150	I_CD			9.35872
00:00:03:170		R_CD			2.19879
00:00:03:194		R_CD			2.22078
00:00:03:200	I_CD			9.45231
00:00:03:217		R_CD			2.24299
00:00:03:241		R_CD			2.26542
00:00:03:250	I_CD			9.54683
00:00:03:265		R_CD			2.28807
00:00:03:289		R_CD			2.31095
00:00:03:300	I_CD			9.6423
00:00:03:313		R_CD			2.33406
00:00:03:337		R_CD			2.3574
00:00:03:350	I_CD			9.73872
00:00:03:361		R_CD			2.38098
00:00:03:386		R_CD			2.40479
00:00:03:400	I_CD			9.83611
00:00:03:410		R_CD			2.42884
00:00:03:435		R_CD			2.45312
00:00:03:450	I_CD			9.93447
00:00:03:460		R_CD			2.47766
00:00:03:485		R_CD			2.50243
00:00:03:500	I_CD			10.0338
00:00:03:510		R_CD			2.52746
00:00:03:535		R_CD			2.55273
00:00:03:550	I_CD			10.1342
00:00:03:561		R_CD			2.57826
00:00:03:586		R_CD			2.60404
00:00:03:600	I_CD			10.2355
00:00:03:612		R_CD			2.63008
00:00:03:637		R_CD			2.65638
00:00:03:650	I_CD			10.3379
00:00:03:663		R_CD			2.68295
00:00:03:689		R_CD			2.70978
00:00:03:700	I_CD			10.4412
00:00:03:715		R_CD			2.73687
00:00:03:741		R_CD			2.76424
00:00:03:750	I_CD			10.5456
00:00:03:768		R_CD			2.79189
00:00:03:794		R_CD			2.8198
00:00:03:800	I_CD			10.6511
00:00:03:821		R_CD			2.848
00:00:03:847		R_CD			2.87648
00:00:03:850	I_CD			10.7576
00:00:03:874		R_CD			2.90525
00:00:03:900	I_CD			10.8652
00:00:03:901		R_CD			2.9343
00:00:03:928		R_CD			2.96364
00:00:03:950	I_CD			10.9738
00:00:03:955		R_CD			2.99328
00:00:03:983		R_CD			3.02321
00:00:04:000	I_CD			11.0836
00:00:04:010		R_CD			3.05344
00:00:04:038		R_CD			3.08398
00:00:04:050	I_CD			11.1944
00:00:04:065		R_CD			3.11482
00:00:04:093		R_CD			3.14597
00:00:04:100	I_CD			11.3064
00:00:04:121		R_CD			3.17743
00:00:04:149		R_CD			3.2092
00:00:04:150	I_CD			11.4194
00:00:04:177		R_CD			3.24129
00:00:04:200	I_CD			11.5336
00:00:04:205		R_CD			3.2737
00:00:04:234		R_CD			3.30644
00:00:04:250	I_CD			11.6489
00:00:04:257		S_CD			990
00:00:04:262		R_CD			3.33951
00:00:04:291		R_CD			3.3729
00:00:04:300		I_CD			11.7654
00:00:04:320		R_CD			3.40663
00:00:04:349		R_CD			3.4407
00:00:04:351		I_CD			11.8831
00:00:04:378		R_CD			3.4751
00:00:04:402		I_CD			12.0019
00:00:04:407		R_CD			3.50985
00:00:04:436		R_CD			3.54495
00:00:04:452		I_CD			12.1219
00:00:04:466		R_CD			3.5804
00:00:04:495		R_CD			3.61621
00:00:04:503		I_CD			12.2432
00:00:04:525		R_CD			3.65237
00:00:04:554		I_CD			12.3656
00:00:04:555		R_CD			3.68889
00:00:04:584		R_CD			3.72578
00:00:04:605		I_CD			12.4893
00:00:04:614		R_CD			3.76304
00:00:04:645		R_CD			3.80067
00:00:04:655		I_CD			12.6141
00:00:04:675		R_CD			3.83868
00:00:04:705		R_CD			3.87706
00:00:04:706		I_CD			12.7403
00:00:04:736		R_CD			3.91583
00:00:04:757		I_CD			12.8677
00:00:04:766		R_CD			3.95499
00:00:04:797		R_CD			3.99454
00:00:04:808		I_CD			12.9964
00:00:04:828		R_CD			4.03449
00:00:04:859		I_CD			13.1263
00:00:04:859		R_CD			4.07483
00:00:04:890		R_CD			4.11558
00:00:04:909		I_CD			13.2576
00:00:04:921		R_CD			4.15674
00:00:04:953		R_CD			4.1983
00:00:04:960		I_CD			13.3902
00:00:04:984		R_CD			4.24029
00:00:05:011		I_CD			13.5241
00:00:05:016		R_CD			4.28269
00:00:05:047		R_CD			4.32552
00:00:05:062		I_CD			13.6593
00:00:05:079		R_CD			4.36877
00:00:05:111		R_CD			4.41246
00:00:05:112		I_CD			13.7959
00:00:05:143		R_CD			4.45658
00:00:05:163		I_CD			13.9339
00:00:05:175		R_CD			4.50115
00:00:05:208		R_CD			4.54616
00:00:05:214		I_CD			14.0732
00:00:05:240		R_CD			4.59162
00:00:05:265		I_CD			14.2139
00:00:05:272		R_CD			4.63754
00:00:05:305		R_CD			4.68391
00:00:05:315		I_CD			14.3561
00:00:05:338		R_CD			4.73075
00:00:05:366		I_CD			14.4996
00:00:05:371		R_CD			4.77806
00:00:05:404		R_CD			4.82584
00:00:05:417		I_CD			14.6446
00:00:05:437		R_CD			4.8741
00:00:05:468		I_CD			14.7911
00:00:05:470		R_CD			4.92284
00:00:05:503		R_CD			4.97207
00:00:05:518		I_CD			14.939
00:00:05:537		R_CD			5.02179
00:00:05:569		I_CD			15.0884
00:00:05:570		R_CD			5.07201
00:00:05:604		R_CD			5.12273
00:00:05:620		I_CD			15.2393
00:00:05:638		R_CD			5.17396
00:00:05:671		I_CD			15.3917
00:00:05:672		R_CD			5.2257
00:00:05:706		R_CD			5.27795
00:00:05:721		I_CD			15.5456
00:00:05:740		R_CD			5.33073
00:00:05:772		I_CD			15.701
00:00:05:774		R_CD			5.38404
00:00:05:808		R_CD			5.43788
00:00:05:823		I_CD			15.858
00:00:05:843		R_CD			5.49226
00:00:05:874		I_CD			16.0166
00:00:05:877		R_CD			5.54718
00:00:05:912		R_CD			5.60265
00:00:05:925		I_CD			16.1768
00:00:05:947		R_CD			5.65868
00:00:05:975		I_CD			16.3385
00:00:05:982		R_CD			5.71527
00:00:06:017		R_CD			5.77242
00:00:06:026		I_CD			16.5019
00:00:06:052		R_CD			5.83014
00:00:06:077		I_CD			16.667
00:00:06:087		R_CD			5.88844
00:00:06:122		R_CD			5.94733
00:00:06:128		I_CD			16.8336
00:00:06:158		R_CD			6.0068
00:00:06:178		I_CD			17.002
00:00:06:193		R_CD			6.06687
00:00:06:229		R_CD			6.12754
00:00:06:229		I_CD			17.172
00:00:06:265		R_CD			6.18881
00:00:06:280		I_CD			17.3437
00:00:06:300		R_CD			6.2507
00:00:06:331		I_CD			17.5171
00:00:06:336		R_CD			6.31321
00:00:06:372		R_CD			6.37634
00:00:06:381		I_CD			17.6923
00:00:06:409		R_CD			6.4401
00:00:06:432		I_CD			17.8692
00:00:06:445		R_CD			6.50451
00:00:06:481		R_CD			6.56955
00:00:06:483		I_CD			18.0479
00:00:06:518		R_CD			6.63525
00:00:06:534		I_CD			18.2284
00:00:06:535		S_CD			980.1
00:00:06:554		R_CD			6.7016
00:00:06:585		I_CD			18.4107
00:00:06:591		R_CD			6.76861
00:00:06:628		R_CD			6.8363
00:00:06:637		I_CD			18.5948
00:00:06:665		R_CD			6.90466
00:00:06:688		I_CD			18.7807
00:00:06:702		R_CD			6.97371
00:00:06:739		R_CD			7.04345
00:00:06:740		I_CD			18.9685
00:00:06:776		R_CD			7.11388
00:00:06:791		I_CD			19.1582
00:00:06:813		R_CD			7.18502
00:00:06:843		I_CD			19.3498
00:00:06:850		R_CD			7.25687
00:00:06:888		R_CD			7.32944
00:00:06:894		I_CD			19.5433
00:00:06:926		R_CD			7.40273
00:00:06:946		I_CD			19.7387
00:00:06:963		R_CD			7.47676
00:00:06:997		I_CD			19.9361
00:00:07:001		R_CD			7.55153
00:00:07:039		R_CD			7.62704
00:00:07:049		I_CD			20.1355
00:00:07:077		R_CD			7.70332
00:00:07:101		I_CD			20.3369
00:00:07:115		R_CD			7.78035
00:00:07:152		I_CD			20.5402
00:00:07:153		R_CD			7.85815
00:00:07:192		R_CD			7.93673
00:00:07:204		I_CD			20.7456
00:00:07:230		R_CD			8.0161
00:00:07:255		I_CD			20.9531
00:00:07:268		R_CD			8.09626
00:00:07:307		I_CD			21.1626
00:00:07:307		R_CD			8.17722
00:00:07:346		R_CD			8.259
00:00:07:358		I_CD			21.3742
00:00:07:385		R_CD			8.34159
00:00:07:410		I_CD			21.588
00:00:07:423		R_CD			8.425
00:00:07:461		I_CD			21.8039
00:00:07:462		R_CD			8.50925
00:00:07:501		R_CD			8.59434
00:00:07:513		I_CD			22.0219
00:00:07:541		R_CD			8.68029
00:00:07:564		I_CD			22.2421
00:00:07:580		R_CD			8.76709
00:00:07:616		I_CD			22.4645
00:00:07:619		R_CD			8.85476
00:00:07:659		R_CD			8.94331
00:00:07:667		I_CD			22.6892
00:00:07:698		R_CD			9.03274
00:00:07:719		I_CD			22.9161
00:00:07:738		R_CD			9.12307
00:00:07:771		I_CD			23.1452
00:00:07:778		R_CD			9.2143
00:00:07:817		R_CD			9.30644
00:00:07:822		I_CD			23.3767
00:00:07:857		R_CD			9.39951
00:00:07:874		I_CD			23.6105
00:00:07:897		R_CD			9.4935
00:00:07:925		I_CD			23.8466
00:00:07:937		R_CD			9.58844
00:00:07:977		I_CD			24.085
00:00:07:977		R_CD			9.68432
00:00:08:018		R_CD			9.78117
00:00:08:028		I_CD			24.3259
00:00:08:058		R_CD			9.87898
00:00:08:080		I_CD			24.5691
00:00:08:098		R_CD			9.97777
00:00:08:107		S_CD			970.299
00:00:08:132		I_CD			24.8148
00:00:08:139		R_CD			10.0775
00:00:08:180		R_CD			10.1783
00:00:08:184		I_CD			25.063
00:00:08:220		R_CD			10.2801
00:00:08:236		I_CD			25.3136
00:00:08:261		R_CD			10.3829
00:00:08:289		I_CD			25.5667
00:00:08:302		R_CD			10.4867
00:00:08:341		I_CD			25.8224
00:00:08:343		R_CD			10.5916
00:00:08:384		R_CD			10.6975
00:00:08:393		I_CD			26.0806
00:00:08:425		R_CD			10.8045
00:00:08:446		I_CD			26.3414
00:00:08:466		R_CD			10.9125
00:00:08:498		I_CD			26.6048
00:00:08:508		R_CD			11.0217
00:00:08:549		R_CD			11.1319
00:00:08:550		I_CD			26.8709
00:00:08:590		R_CD			11.2432
00:00:08:603		I_CD			27.1396
00:00:08:632		R_CD			11.3556
00:00:08:655		I_CD			27.411
00:00:08:674		R_CD			11.4692
00:00:08:707		I_CD			27.6851
00:00:08:715		R_CD			11.5839
00:00:08:757		R_CD			11.6997
00:00:08:760		I_CD			27.962
00:00:08:799		R_CD			11.8167
00:00:08:812		I_CD			28.2416
00:00:08:841		R_CD			11.9349
00:00:08:864		I_CD			28.524
00:00:08:883		R_CD			12.0542
00:00:08:917		I_CD			28.8092
00:00:08:925		R_CD			12.1748
00:00:08:968		R_CD			12.2965
00:00:08:969		I_CD			29.0973
00:00:09:010		R_CD			12.4195
00:00:09:021		I_CD			29.3883
00:00:09:052		R_CD			12.5437
00:00:09:074		I_CD			29.6822
00:00:09:095		R_CD			12.6691
00:00:09:126		I_CD			29.979
00:00:09:137		R_CD			12.7958
00:00:09:178		I_CD			30.2788
00:00:09:180		R_CD			12.9238
00:00:09:223		R_CD			13.053
00:00:09:231		I_CD			30.5816
00:00:09:265		R_CD			13.1835
00:00:09:283		I_CD			30.8874
00:00:09:308		R_CD			13.3154
00:00:09:314		S_CD			960.596
00:00:09:336		I_CD			31.1963
00:00:09:351		R_CD			13.4485
00:00:09:389		I_CD			31.5082
00:00:09:394		R_CD			13.583
00:00:09:437		R_CD			13.7188
00:00:09:442		I_CD			31.8233
00:00:09:480		R_CD			13.856
00:00:09:495		I_CD			32.1416
00:00:09:524		R_CD			13.9946
00:00:09:548		I_CD			32.463
00:00:09:567		R_CD			14.1345
00:00:09:601		I_CD			32.7876
00:00:09:611		R_CD			14.2759
00:00:09:654		R_CD			14.4186
00:00:09:654		I_CD			33.1155
00:00:09:698		R_CD			14.5628
00:00:09:708		I_CD			33.4466
00:00:09:741		R_CD			14.7085
00:00:09:761		I_CD			33.7811
00:00:09:785		R_CD			14.8555
00:00:09:814		I_CD			34.1189
00:00:09:829		R_CD			15.0041
00:00:09:867		I_CD			34.4601
00:00:09:873		R_CD			15.1541
00:00:09:917		R_CD			15.3057
00:00:09:920		I_CD			34.8047
00:00:09:961		R_CD			15.4587
00:00:09:973		I_CD			35.1527
00:00:10:005		R_CD			15.6133
00:00:10:026		I_CD			35.5043
00:00:10:049		R_CD			15.7695
00:00:10:080		I_CD			35.8593
00:00:10:093		R_CD			15.9271
00:00:10:133		I_CD			36.2179
00:00:10:138		R_CD			16.0864
00:00:10:182		R_CD			16.2473
00:00:10:186		I_CD			36.5801
00:00:10:227		R_CD			16.4098
00:00:10:239		I_CD			36.9459
00:00:10:271		R_CD			16.5739
00:00:10:292		I_CD			37.3153
00:00:10:296		S_CD			950.99
00:00:10:316		R_CD			16.7396
00:00:10:346		I_CD			37.6885
00:00:10:360		R_CD			16.907
00:00:10:400		I_CD			38.0654
00:00:10:405		R_CD			17.0761
00:00:10:450		R_CD			17.2468
00:00:10:454		I_CD			38.446
00:00:10:495		R_CD			17.4193
00:00:10:508		I_CD			38.8305
00:00:10:540		R_CD			17.5935
00:00:10:562		I_CD			39.2188
00:00:10:585		R_CD			17.7694
00:00:10:616		I_CD			39.611
00:00:10:630		R_CD			17.9471
00:00:10:670		I_CD			40.0071
00:00:10:675		R_CD			18.1266
00:00:10:721		R_CD			18.3078
00:00:10:724		I_CD			40.4072
00:00:10:766		R_CD			18.4909
00:00:10:778		I_CD			40.8112
00:00:10:812		R_CD			18.6758
00:00:10:832		I_CD			41.2194
00:00:10:857		R_CD			18.8626
00:00:10:886		I_CD			41.6316
00:00:10:903		R_CD			19.0512
00:00:10:940		I_CD			42.0479
00:00:10:948		R_CD			19.2417
00:00:10:994		I_CD			42.4683
00:00:10:994		R_CD			19.4341
00:00:11:040		R_CD			19.6285
00:00:11:048		I_CD			42.893
00:00:11:086		R_CD			19.8248
00:00:11:102		I_CD			43.322
00:00:11:126		S_CD			941.48
00:00:11:132		R_CD			20.023
00:00:11:156		I_CD			43.7552
00:00:11:178		R_CD			20.2232
00:00:11:211		I_CD			44.1927
00:00:11:224		R_CD			20.4255
00:00:11:266		I_CD			44.6347
00:00:11:270		R_CD			20.6297
00:00:11:316		R_CD			20.836
00:00:11:320		I_CD			45.081
00:00:11:362		R_CD			21.0444
00:00:11:375		I_CD			45.5318
00:00:11:409		R_CD			21.2548
00:00:11:430		I_CD			45.9871
00:00:11:455		R_CD			21.4674
00:00:11:485		I_CD			46.447
00:00:11:502		R_CD			21.6821
00:00:11:540		I_CD			46.9115
00:00:11:548		R_CD			21.8989
00:00:11:595		I_CD			47.3806
00:00:11:595		R_CD			22.1179
00:00:11:642		R_CD			22.339
00:00:11:649		I_CD			47.8544
00:00:11:688		R_CD			22.5624
00:00:11:704		I_CD			48.3329
00:00:11:735		R_CD			22.7881
00:00:11:759		I_CD			48.8163
00:00:11:782		R_CD			23.0159
00:00:11:814		I_CD			49.3044
00:00:11:829		R_CD			23.2461
00:00:11:847		S_CD			932.065
00:00:11:869		I_CD			49.7975
00:00:11:876		R_CD			23.4786
00:00:11:923		R_CD			23.7133
00:00:11:925		I_CD			50.2955
00:00:11:970		R_CD			23.9505
00:00:11:980		I_CD			50.7984
00:00:12:018		R_CD			24.19
00:00:12:036		I_CD			51.3064
00:00:12:065		R_CD			24.4319
00:00:12:092		I_CD			51.8195
00:00:12:112		R_CD			24.6762
00:00:12:147		I_CD			52.3376
00:00:12:160		R_CD			24.923
00:00:12:203		I_CD			52.861
00:00:12:208		R_CD			25.1722
00:00:12:255		R_CD			25.4239
00:00:12:259		I_CD			53.3896
00:00:12:303		R_CD			25.6782
00:00:12:314		I_CD			53.9235
00:00:12:351		R_CD			25.9349
00:00:12:370		I_CD			54.4628
00:00:12:398		R_CD			26.1943
00:00:12:426		I_CD			55.0074
00:00:12:446		R_CD			26.4562
00:00:12:481		I_CD			55.5575
00:00:12:484		S_CD			922.745
00:00:12:494		R_CD			26.7208
00:00:12:538		I_CD			56.113
00:00:12:542		R_CD			26.988
00:00:12:590		R_CD			27.2579
00:00:12:594		I_CD			56.6742
00:00:12:638		R_CD			27.5305
00:00:12:651		I_CD			57.2409
00:00:12:687		R_CD			27.8058
00:00:12:708		I_CD			57.8133
00:00:12:735		R_CD			28.0838
00:00:12:764		I_CD			58.3915
00:00:12:783		R_CD			28.3647
00:00:12:821		I_CD			58.9754
00:00:12:832		R_CD			28.6483
00:00:12:877		I_CD			59.5651
00:00:12:880		R_CD			28.9348
00:00:12:929		R_CD			29.2241
00:00:12:934		I_CD			60.1608
00:00:12:978		R_CD			29.5164
00:00:12:990		I_CD			60.7624
00:00:13:026		R_CD			29.8115
00:00:13:047		I_CD			61.37
00:00:13:057		S_CD			913.517
00:00:13:075		R_CD			30.1097
00:00:13:104		I_CD			61.9837
00:00:13:124		R_CD			30.4108
00:00:13:162		I_CD			62.6035
00:00:13:173		R_CD			30.7149
00:00:13:219		I_CD			63.2296
00:00:13:222		R_CD			31.022
00:00:13:271		R_CD			31.3322
00:00:13:276		I_CD			63.8619
00:00:13:320		R_CD			31.6456
00:00:13:334		I_CD			64.5005
00:00:13:369		R_CD			31.962
00:00:13:391		I_CD			65.1455
00:00:13:419		R_CD			32.2816
00:00:13:449		I_CD			65.797
00:00:13:468		R_CD			32.6044
00:00:13:506		I_CD			66.4549
00:00:13:517		R_CD			32.9305
00:00:13:564		I_CD			67.1195
00:00:13:567		R_CD			33.2598
00:00:13:578		S_CD			904.382
00:00:13:616		R_CD			33.5924
00:00:13:622		I_CD			67.7907
00:00:13:666		R_CD			33.9283
00:00:13:680		I_CD			68.4686
00:00:13:716		R_CD			34.2676
00:00:13:739		I_CD			69.1533
00:00:13:766		R_CD			34.6103
00:00:13:797		I_CD			69.8448
00:00:13:815		R_CD			34.9564
00:00:13:855		I_CD			70.5432
00:00:13:865		R_CD			35.3059
00:00:13:914		I_CD			71.2487
00:00:13:915		R_CD			35.659
00:00:13:965		R_CD			36.0156
00:00:13:972		I_CD			71.9612
00:00:14:016		R_CD			36.3758
00:00:14:030		I_CD			72.6808
00:00:14:056		S_CD			895.338
00:00:14:066		R_CD			36.7395
00:00:14:089		I_CD			73.4076
00:00:14:116		R_CD			37.1069
00:00:14:149		I_CD			74.1417
00:00:14:166		R_CD			37.478
00:00:14:208		I_CD			74.8831
00:00:14:217		R_CD			37.8528
00:00:14:267		I_CD			75.6319
00:00:14:267		R_CD			38.2313
00:00:14:318		R_CD			38.6136
00:00:14:327		I_CD			76.3882
00:00:14:369		R_CD			38.9997
00:00:14:386		I_CD			77.1521
00:00:14:419		R_CD			39.3897
00:00:14:445		I_CD			77.9236
00:00:14:470		R_CD			39.7836
00:00:14:498		S_CD			886.385
00:00:14:505		I_CD			78.7029
00:00:14:521		R_CD			40.1815
00:00:14:565		I_CD			79.4899
00:00:14:572		R_CD			40.5833
00:00:14:623		R_CD			40.9891
00:00:14:625		I_CD			80.2848
00:00:14:674		R_CD			41.399
00:00:14:686		I_CD			81.0876
00:00:14:725		R_CD			41.813
00:00:14:746		I_CD			81.8985
00:00:14:777		R_CD			42.2311
00:00:14:806		I_CD			82.7175
00:00:14:828		R_CD			42.6534
00:00:14:866		I_CD			83.5447
00:00:14:879		R_CD			43.08
00:00:14:910		S_CD			877.521
00:00:14:927		I_CD			84.3801
00:00:14:931		R_CD			43.5108
00:00:14:982		R_CD			43.9459
00:00:14:988		I_CD			85.2239
00:00:15:034		R_CD			44.3853
00:00:15:049		I_CD			86.0762
00:00:15:086		R_CD			44.8292
00:00:15:111		I_CD			86.9369
00:00:15:138		R_CD			45.2775
00:00:15:172		I_CD			87.8063
00:00:15:189		R_CD			45.7302
00:00:15:233		I_CD			88.6844
00:00:15:241		R_CD			46.1876
00:00:15:294		R_CD			46.6494
00:00:15:294		I_CD			89.5712
00:00:15:296		S_CD			868.746
00:00:15:346		R_CD			47.1159
00:00:15:357		I_CD			90.4669
00:00:15:398		R_CD			47.5871
00:00:15:419		I_CD			91.3716
00:00:15:450		R_CD			48.063
00:00:15:481		I_CD			92.2853
00:00:15:503		R_CD			48.5436
00:00:15:543		I_CD			93.2082
00:00:15:555		R_CD			49.029
00:00:15:606		I_CD			94.1402
00:00:15:608		R_CD			49.5193
00:00:15:659		S_CD			860.058
00:00:15:660		R_CD			50.0145
00:00:15:668		I_CD			95.0816
00:00:15:713		R_CD			50.5146
00:00:15:731		I_CD			96.0325
00:00:15:766		R_CD			51.0198
00:00:15:795		I_CD			96.9928
00:00:15:819		R_CD			51.53
00:00:15:858		I_CD			97.9627
00:00:15:872		R_CD			52.0453
00:00:15:921		I_CD			98.9423
00:00:15:925		R_CD			52.5657
00:00:15:978		R_CD			53.0914
00:00:15:984		I_CD			99.9318
00:00:16:002		S_CD			851.458
00:00:16:031		R_CD			53.6223
00:00:16:049		I_CD			100.931
00:00:16:084		R_CD			54.1585
00:00:16:113		I_CD			101.94
00:00:16:138		R_CD			54.7001
00:00:16:177		I_CD			102.96
00:00:16:191		R_CD			55.2471
00:00:16:242		I_CD			103.989
00:00:16:245		R_CD			55.7996
00:00:16:298		R_CD			56.3576
00:00:16:306		I_CD			105.029
00:00:16:328		S_CD			842.943
00:00:16:352		R_CD			56.9212
00:00:16:371		I_CD			106.08
00:00:16:406		R_CD			57.4904
00:00:16:436		I_CD			107.14
00:00:16:460		R_CD			58.0653
00:00:16:502		I_CD			108.212
00:00:16:514		R_CD			58.6459
00:00:16:567		I_CD			109.294
00:00:16:568		R_CD			59.2324
00:00:16:622		R_CD			59.8247
00:00:16:633		I_CD			110.387
00:00:16:638		S_CD			834.514
00:00:16:677		R_CD			60.423
00:00:16:699		I_CD			111.491
00:00:16:731		R_CD			61.0272
00:00:16:765		I_CD			112.606
00:00:16:786		R_CD			61.6375
00:00:16:832		I_CD			113.732
00:00:16:840		R_CD			62.2538
00:00:16:895		R_CD			62.8764
00:00:16:898		I_CD			114.869
00:00:16:935		S_CD			826.169
00:00:16:950		R_CD			63.5051
00:00:16:966		I_CD			116.018
00:00:17:005		R_CD			64.1402
00:00:17:033		I_CD			117.178
00:00:17:060		R_CD			64.7816
00:00:17:101		I_CD			118.35
00:00:17:115		R_CD			65.4294
00:00:17:168		I_CD			119.533
00:00:17:170		R_CD			66.0837
00:00:17:219		S_CD			817.907
00:00:17:225		R_CD			66.7445
00:00:17:236		I_CD			120.728
00:00:17:281		R_CD			67.412
00:00:17:305		I_CD			121.936
00:00:17:336		R_CD			68.0861
00:00:17:374		I_CD			123.155
00:00:17:392		R_CD			68.767
00:00:17:443		I_CD			124.387
00:00:17:448		R_CD			69.4546
00:00:17:492		S_CD			809.728
00:00:17:504		R_CD			70.1492
00:00:17:512		I_CD			125.631
00:00:17:560		R_CD			70.8507
00:00:17:582		I_CD			126.887
00:00:17:616		R_CD			71.5592
00:00:17:652		I_CD			128.156
00:00:17:672		R_CD			72.2748
00:00:17:722		I_CD			129.437
00:00:17:728		R_CD			72.9975
00:00:17:754		S_CD			801.631
00:00:17:785		R_CD			73.7275
00:00:17:792		I_CD			130.732
00:00:17:841		R_CD			74.4648
00:00:17:864		I_CD			132.039
00:00:17:898		R_CD			75.2094
00:00:17:935		I_CD			133.359
00:00:17:954		R_CD			75.9615
00:00:18:006		I_CD			134.693
00:00:18:007		S_CD			793.614
00:00:18:011		R_CD			76.7211
00:00:18:068		R_CD			77.4883
00:00:18:078		I_CD			136.04
00:00:18:125		R_CD			78.2632
00:00:18:151		I_CD			137.4
00:00:18:183		R_CD			79.0459
00:00:18:223		I_CD			138.774
00:00:18:240		R_CD			79.8363
00:00:18:252		S_CD			785.678
00:00:18:296		I_CD			140.162
00:00:18:297		R_CD			80.6347
00:00:18:355		R_CD			81.441
00:00:18:370		I_CD			141.564
00:00:18:413		R_CD			82.2554
00:00:18:444		I_CD			142.979
00:00:18:470		R_CD			83.078
00:00:18:488		S_CD			777.821
00:00:18:518		I_CD			144.409
00:00:18:528		R_CD			83.9088
00:00:18:587		R_CD			84.7479
00:00:18:593		I_CD			145.853
00:00:18:645		R_CD			85.5953
00:00:18:668		I_CD			147.312
00:00:18:703		R_CD			86.4513
00:00:18:718		S_CD			770.043
00:00:18:743		I_CD			148.785
00:00:18:762		R_CD			87.3158
00:00:18:820		I_CD			150.273
00:00:18:820		R_CD			88.189
00:00:18:879		R_CD			89.0709
00:00:18:896		I_CD			151.775
00:00:18:938		R_CD			89.9616
00:00:18:940		S_CD			762.343
00:00:18:973		I_CD			153.293
00:00:18:997		R_CD			90.8612
00:00:19:051		I_CD			154.826
00:00:19:056		R_CD			91.7698
00:00:19:115		R_CD			92.6875
00:00:19:128		I_CD			156.374
00:00:19:157		S_CD			754.719
00:00:19:175		R_CD			93.6144
00:00:19:207		I_CD			157.938
00:00:19:234		R_CD			94.5505
00:00:19:286		I_CD			159.517
00:00:19:294		R_CD			95.496
00:00:19:354		R_CD			96.451
00:00:19:365		I_CD			161.113
00:00:19:367		S_CD			747.172
00:00:19:414		R_CD			97.4155
00:00:19:446		I_CD			162.724
00:00:19:474		R_CD			98.3896
00:00:19:526		I_CD			164.351
00:00:19:535		R_CD			99.3735
00:00:19:573		S_CD			739.7
00:00:19:595		R_CD			100.367
00:00:19:607		I_CD			165.994
00:00:19:656		R_CD			101.371
00:00:19:689		I_CD			167.654
00:00:19:716		R_CD			102.385
00:00:19:771		I_CD			169.331
00:00:19:773		S_CD			732.303
00:00:19:777		R_CD			103.408
00:00:19:838		R_CD			104.443
00:00:19:855		I_CD			171.024
00:00:19:900		R_CD			105.487
00:00:19:938		I_CD			172.734
00:00:19:961		R_CD			106.542
00:00:19:968		S_CD			724.98
00:00:20:023		R_CD			107.607
00:00:20:023		I_CD			174.462
00:00:20:084		R_CD			108.683
00:00:20:108		I_CD			176.206
00:00:20:146		R_CD			109.77
00:00:20:159		S_CD			717.731
00:00:20:194		I_CD			177.969
00:00:20:209		R_CD			110.868
00:00:20:271		R_CD			111.977
00:00:20:281		I_CD			179.748
00:00:20:333		R_CD			113.096
00:00:20:346		S_CD			710.553
00:00:20:368		I_CD			181.546
00:00:20:396		R_CD			114.227
00:00:20:456		I_CD			183.361
00:00:20:459		R_CD			115.37
00:00:20:522		R_CD			116.523
00:00:20:530		S_CD			703.448
00:00:20:545		I_CD			185.195
00:00:20:585		R_CD			117.689
00:00:20:635		I_CD			187.047
00:00:20:648		R_CD			118.865
00:00:20:709		S_CD			696.413
00:00:20:712		R_CD			120.054
00:00:20:725		I_CD			188.917
00:00:20:775		R_CD			121.255
00:00:20:817		I_CD			190.806
00:00:20:839		R_CD			122.467
00:00:20:885		S_CD			689.449
00:00:20:904		R_CD			123.692
00:00:20:909		I_CD			192.714
00:00:20:968		R_CD			124.929
00:00:21:003		I_CD			194.642
00:00:21:032		R_CD			126.178
00:00:21:057		S_CD			682.555
00:00:21:097		I_CD			196.588
00:00:21:097		R_CD			127.44
00:00:21:162		R_CD			128.714
00:00:21:193		I_CD			198.554
00:00:21:227		S_CD			675.729
00:00:21:227		R_CD			130.001
00:00:21:289		I_CD			200.539
00:00:21:293		R_CD			131.301
00:00:21:358		R_CD			132.614
00:00:21:387		I_CD			202.545
00:00:21:394		S_CD			668.972
00:00:21:424		R_CD			133.941
00:00:21:486		I_CD			204.57
00:00:21:490		R_CD			135.28
00:00:21:556		R_CD			136.633
00:00:21:558		S_CD			662.282
00:00:21:586		I_CD			206.616
00:00:21:622		R_CD			137.999
00:00:21:687		I_CD			208.682
00:00:21:689		R_CD			139.379
00:00:21:719		S_CD			655.659
00:00:21:756		R_CD			140.773
00:00:21:790		I_CD			210.769
00:00:21:823		R_CD			142.181
00:00:21:878		S_CD			649.103
00:00:21:891		R_CD			143.602
00:00:21:894		I_CD			212.877
00:00:21:958		R_CD			145.038
00:00:21:999		I_CD			215.005
00:00:22:026		R_CD			146.489
00:00:22:034		S_CD			642.612
00:00:22:094		R_CD			147.954
00:00:22:106		I_CD			217.155
00:00:22:162		R_CD			149.433
00:00:22:188		S_CD			636.185
00:00:22:214		I_CD			219.327
00:00:22:231		R_CD			150.928
00:00:22:300		R_CD			152.437
00:00:22:324		I_CD			221.52
00:00:22:341		S_CD			629.824
00:00:22:369		R_CD			153.961
00:00:22:437		I_CD			223.735
00:00:22:438		R_CD			155.501
00:00:22:490		S_CD			623.525
00:00:22:508		R_CD			157.056
00:00:22:550		I_CD			225.973
00:00:22:578		R_CD			158.626
00:00:22:639		S_CD			617.29
00:00:22:648		R_CD			160.213
00:00:22:666		I_CD			228.233
00:00:22:718		R_CD			161.815
00:00:22:783		I_CD			230.515
00:00:22:785		S_CD			611.117
00:00:22:789		R_CD			163.433
00:00:22:860		R_CD			165.067
00:00:22:903		I_CD			232.82
00:00:22:929		S_CD			605.006
00:00:22:931		R_CD			166.718
00:00:23:003		R_CD			168.385
00:00:23:025		I_CD			235.148
00:00:23:072		S_CD			598.956
00:00:23:075		R_CD			170.069
00:00:23:147		R_CD			171.77
00:00:23:150		I_CD			237.5
00:00:23:213		S_CD			592.966
00:00:23:220		R_CD			173.487
00:00:23:277		I_CD			239.875
00:00:23:292		R_CD			175.222
00:00:23:353		S_CD			587.037
00:00:23:365		R_CD			176.974
00:00:23:406		I_CD			242.273
00:00:23:439		R_CD			178.744
00:00:23:491		S_CD			581.166
00:00:23:513		R_CD			180.532
00:00:23:539		I_CD			244.696
00:00:23:587		R_CD			182.337
00:00:23:627		S_CD			575.355
00:00:23:661		R_CD			184.16
00:00:23:674		I_CD			247.143
00:00:23:736		R_CD			186.002
00:00:23:763		S_CD			569.601
00:00:23:811		R_CD			187.862
00:00:23:813		I_CD			249.615
00:00:23:886		R_CD			189.74
00:00:23:897		S_CD			563.905
00:00:23:956		I_CD			252.111
00:00:23:962		R_CD			191.638
00:00:24:030		S_CD			558.266
00:00:24:038		R_CD			193.554
00:00:24:102		I_CD			254.632
00:00:24:115		R_CD			195.49
00:00:24:161		S_CD			552.683
00:00:24:192		R_CD			197.445
00:00:24:252		I_CD			257.178
00:00:24:269		R_CD			199.419
00:00:24:292		S_CD			547.157
00:00:24:347		R_CD			201.413
00:00:24:407		I_CD			259.75
00:00:24:421		S_CD			541.685
00:00:24:425		R_CD			203.427
00:00:24:503		R_CD			205.462
00:00:24:550		S_CD			536.268
00:00:24:567		I_CD			262.347
00:00:24:582		R_CD			207.516
00:00:24:661		R_CD			209.592
00:00:24:677		S_CD			530.906
00:00:24:733		I_CD			264.971
00:00:24:741		R_CD			211.687
00:00:24:803		S_CD			525.596
00:00:24:821		R_CD			213.804
00:00:24:902		R_CD			215.942
00:00:24:905		I_CD			267.621
00:00:24:929		S_CD			520.341
00:00:24:982		R_CD			218.102
00:00:25:053		S_CD			515.137
00:00:25:064		R_CD			220.283
00:00:25:083		I_CD			270.297
00:00:25:146		R_CD			222.486
00:00:25:177		S_CD			509.986
00:00:25:228		R_CD			224.711
00:00:25:269		I_CD			273
00:00:25:300		S_CD			504.886
00:00:25:311		R_CD			226.958
00:00:25:394		R_CD			229.227
00:00:25:422		S_CD			499.837
00:00:25:464		I_CD			275.73
00:00:25:478		R_CD			231.519
00:00:25:543		S_CD			494.839
00:00:25:561		R_CD			233.835
00:00:25:646		R_CD			236.173
00:00:25:664		S_CD			489.89
00:00:25:668		I_CD			278.487
00:00:25:731		R_CD			238.535
00:00:25:784		S_CD			484.991
00:00:25:817		R_CD			240.92
00:00:25:884		I_CD			281.272
00:00:25:903		R_CD			243.329
00:00:25:903		S_CD			480.141
00:00:25:990		R_CD			245.763
00:00:26:022		S_CD			475.34
00:00:26:077		R_CD			248.22
00:00:26:113		I_CD			284.085
00:00:26:140		S_CD			470.587
00:00:26:165		R_CD			250.702
00:00:26:253		R_CD			253.209
00:00:26:257		S_CD			465.881
00:00:26:342		R_CD			255.742
00:00:26:358		I_CD			286.925
00:00:26:375		S_CD			461.222
00:00:26:432		R_CD			258.299
00:00:26:491		S_CD			456.61
00:00:26:522		R_CD			260.882
00:00:26:607		S_CD			452.044
00:00:26:613		R_CD			263.491
00:00:26:624		I_CD			289.795
00:00:26:704		R_CD			266.126
00:00:26:722		S_CD			447.523
00:00:26:795		R_CD			268.787
00:00:26:837		S_CD			443.048
00:00:26:888		R_CD			271.475
00:00:26:915		I_CD			292.693
00:00:26:952		S_CD			438.618
00:00:26:981		R_CD			274.19
00:00:27:066		S_CD			434.231
00:00:27:075		R_CD			276.931
00:00:27:169		R_CD			279.701
00:00:27:180		S_CD			429.889
00:00:27:240		I_CD			295.62
00:00:27:265		R_CD			282.498
00:00:27:293		S_CD			425.59
00:00:27:360		R_CD			285.323
00:00:27:406		S_CD			421.334
00:00:27:457		R_CD			288.176
00:00:27:519		S_CD			417.121
00:00:27:554		R_CD			291.058
00:00:27:612		I_CD			298.576
00:00:27:631		S_CD			412.95
00:00:27:652		R_CD			293.968
00:00:27:743		S_CD			408.82
00:00:27:751		R_CD			296.908
00:00:27:850		R_CD			299.877
00:00:27:854		S_CD			404.732
00:00:27:951		R_CD			302.876
00:00:27:966		S_CD			400.685
00:00:28:052		R_CD			305.905
00:00:28:062		I_CD			301.562
00:00:28:078		S_CD			396.678
00:00:28:154		R_CD			308.964
00:00:28:188		S_CD			392.711
00:00:28:256		R_CD			312.053
00:00:28:299		S_CD			388.784
00:00:28:360		R_CD			315.174
00:00:28:409		S_CD			384.896
00:00:28:464		R_CD			318.326
00:00:28:520		S_CD			381.047
00:00:28:570		R_CD			321.509
00:00:28:630		S_CD			377.237
00:00:28:667		I_CD			304.577
00:00:28:676		R_CD			324.724
00:00:28:740		S_CD			373.464
00:00:28:783		R_CD			327.971
00:00:28:849		S_CD			369.73
00:00:28:890		R_CD			331.251
00:00:28:959		S_CD			366.032
00:00:28:999		R_CD			334.563
00:00:29:068		S_CD			362.372
00:00:29:109		R_CD			337.909
00:00:29:178		S_CD			358.748
00:00:29:220		R_CD			341.288
00:00:29:287		S_CD			355.161
00:00:29:332		R_CD			344.701
00:00:29:397		S_CD			351.609
00:00:29:445		R_CD			348.148
00:00:29:506		S_CD			348.093
00:00:29:560		R_CD			351.629
00:00:29:616		S_CD			344.612
00:00:29:675		R_CD			355.146
00:00:29:725		S_CD			341.166
00:00:29:792		R_CD			358.697
00:00:29:834		S_CD			337.754
00:00:29:909		R_CD			362.284
00:00:29:944		S_CD			334.377
00:00:30:028		R_CD			365.907
00:00:30:053		S_CD			331.033
00:00:30:148		R_CD			369.566
00:00:30:163		S_CD			327.723
00:00:30:270		R_CD			373.262
00:00:30:272		S_CD			324.446
00:00:30:382		S_CD			321.201
00:00:30:392		R_CD			376.994
00:00:30:491		S_CD			317.989
00:00:30:516		R_CD			380.764
00:00:30:600		S_CD			314.809
00:00:30:641		R_CD			384.572
00:00:30:710		S_CD			311.661
00:00:30:767		R_CD			388.418
00:00:30:819		S_CD			308.544
00:00:30:895		R_CD			392.302
00:00:30:929		S_CD			305.459
00:00:31:024		R_CD			396.225
00:00:31:038		S_CD			302.404
00:00:31:148		S_CD			299.38
00:00:31:154		R_CD			400.187
00:00:31:257		S_CD			296.387
00:00:31:285		R_CD			404.189
00:00:31:367		S_CD			293.423
00:00:31:418		R_CD			408.231
00:00:31:476		S_CD			290.488
00:00:31:552		R_CD			412.313
00:00:31:585		S_CD			287.584
00:00:31:687		R_CD			416.436
00:00:31:695		S_CD			284.708
00:00:31:804		S_CD			281.861
00:00:31:824		R_CD			420.601
00:00:31:914		S_CD			279.042
00:00:31:962		R_CD			424.807
00:00:32:023		S_CD			276.252
00:00:32:102		R_CD			429.055
00:00:32:129		I_CD			301.531
00:00:32:133		S_CD			273.489
00:00:32:243		S_CD			270.754
00:00:32:244		R_CD			433.345
00:00:32:354		S_CD			268.047
00:00:32:387		R_CD			437.679
00:00:32:464		S_CD			265.366
00:00:32:533		R_CD			442.055
00:00:32:575		S_CD			262.713
00:00:32:643		I_CD			298.516
00:00:32:679		R_CD			446.476
00:00:32:686		S_CD			260.085
00:00:32:798		S_CD			257.485
00:00:32:829		R_CD			450.941
00:00:32:909		S_CD			254.91
00:00:32:980		R_CD			455.45
00:00:33:021		S_CD			252.361
00:00:33:082		I_CD			295.531
00:00:33:133		S_CD			249.837
00:00:33:133		R_CD			460.005
00:00:33:246		S_CD			247.339
00:00:33:289		R_CD			464.605
00:00:33:359		S_CD			244.865
00:00:33:446		R_CD			469.251
00:00:33:471		S_CD			242.417
00:00:33:472		I_CD			292.576
00:00:33:585		S_CD			239.992
00:00:33:606		R_CD			473.943
00:00:33:699		S_CD			237.593
00:00:33:768		R_CD			478.683
00:00:33:813		S_CD			235.217
00:00:33:829		I_CD			289.65
00:00:33:928		S_CD			232.864
00:00:33:933		R_CD			483.47
00:00:34:043		S_CD			230.536
00:00:34:100		R_CD			488.304
00:00:34:158		S_CD			228.23
00:00:34:160		I_CD			286.753
00:00:34:269		R_CD			493.187
00:00:34:275		S_CD			225.948
00:00:34:391		S_CD			223.689
00:00:34:441		R_CD			498.119
00:00:34:471		I_CD			283.886
00:00:34:507		S_CD			221.452
00:00:34:617		R_CD			503.1
00:00:34:625		S_CD			219.237
00:00:34:742		S_CD			217.045
00:00:34:767		I_CD			281.047
00:00:34:794		R_CD			508.131
00:00:34:861		S_CD			214.874
00:00:34:975		R_CD			513.213
00:00:34:979		S_CD			212.726
00:00:35:048		I_CD			278.237
00:00:35:098		S_CD			210.598
00:00:35:159		R_CD			518.345
00:00:35:218		S_CD			208.492
00:00:35:319		I_CD			275.454
00:00:35:338		S_CD			206.408
00:00:35:345		R_CD			523.528
00:00:35:459		S_CD			204.343
00:00:35:535		R_CD			528.764
00:00:35:580		S_CD			202.3
00:00:35:580		I_CD			272.7
00:00:35:702		S_CD			200.277
00:00:35:729		R_CD			534.051
00:00:35:825		S_CD			198.274
00:00:35:832		I_CD			269.973
00:00:35:925		R_CD			539.392
00:00:35:948		S_CD			196.292
00:00:36:071		S_CD			194.329
00:00:36:077		I_CD			267.273
00:00:36:126		R_CD			544.786
00:00:36:196		S_CD			192.385
00:00:36:315		I_CD			264.6
00:00:36:321		S_CD			190.461
00:00:36:330		R_CD			550.233
00:00:36:447		S_CD			188.557
00:00:36:538		R_CD			555.736
00:00:36:547		I_CD			261.954
00:00:36:573		S_CD			186.671
00:00:36:700		S_CD			184.805
00:00:36:750		R_CD			561.293
00:00:36:774		I_CD			259.335
00:00:36:828		S_CD			182.957
00:00:36:957		S_CD			181.127
00:00:36:966		R_CD			566.906
00:00:36:996		I_CD			256.741
00:00:37:086		S_CD			179.316
00:00:37:186		R_CD			572.575
00:00:37:213		I_CD			254.174
00:00:37:216		S_CD			177.523
00:00:37:347		S_CD			175.747
00:00:37:411		R_CD			578.301
00:00:37:426		I_CD			251.632
00:00:37:479		S_CD			173.99
00:00:37:611		S_CD			172.25
00:00:37:636		I_CD			249.116
00:00:37:641		R_CD			584.084
00:00:37:745		S_CD			170.527
00:00:37:842		I_CD			246.625
00:00:37:876		R_CD			589.925
00:00:37:879		S_CD			168.822
00:00:38:014		S_CD			167.134
00:00:38:045		I_CD			244.158
00:00:38:116		R_CD			595.824
00:00:38:150		S_CD			165.463
00:00:38:244		I_CD			241.717
00:00:38:287		S_CD			163.808
00:00:38:361		R_CD			601.782
00:00:38:425		S_CD			162.17
00:00:38:441		I_CD			239.3
00:00:38:564		S_CD			160.548
00:00:38:612		R_CD			607.8
00:00:38:635		I_CD			236.907
00:00:38:704		S_CD			158.943
00:00:38:827		I_CD			234.538
00:00:38:845		S_CD			157.353
00:00:38:868		R_CD			613.878
00:00:38:987		S_CD			155.78
00:00:39:016		I_CD			232.192
00:00:39:131		S_CD			154.222
00:00:39:131		R_CD			620.017
00:00:39:203		I_CD			229.87
00:00:39:275		S_CD			152.68
00:00:39:388		I_CD			227.572
00:00:39:400		R_CD			626.217
00:00:39:420		S_CD			151.153
00:00:39:567		S_CD			149.641
00:00:39:572		I_CD			225.296
00:00:39:677		R_CD			632.479
00:00:39:715		S_CD			148.145
00:00:39:753		I_CD			223.043
00:00:39:864		S_CD			146.664
00:00:39:932		I_CD			220.812
00:00:39:960		R_CD			638.804
00:00:40:014		S_CD			145.197
00:00:40:110		I_CD			218.604
00:00:40:165		S_CD			143.745
00:00:40:250		R_CD			645.192
00:00:40:286		I_CD			216.418
00:00:40:318		S_CD			142.307
00:00:40:461		I_CD			214.254
00:00:40:472		S_CD			140.884
00:00:40:549		R_CD			651.644
00:00:40:628		S_CD			139.476
00:00:40:634		I_CD			212.112
00:00:40:785		S_CD			138.081
00:00:40:806		I_CD			209.99
00:00:40:856		R_CD			658.16
00:00:40:943		S_CD			136.7
00:00:40:977		I_CD			207.891
00:00:41:103		S_CD			135.333
00:00:41:146		I_CD			205.812
00:00:41:172		R_CD			664.742
00:00:41:265		S_CD			133.98
00:00:41:314		I_CD			203.754
00:00:41:428		S_CD			132.64
00:00:41:481		I_CD			201.716
00:00:41:496		R_CD			671.389
00:00:41:593		S_CD			131.313
00:00:41:646		I_CD			199.699
00:00:41:759		S_CD			130
00:00:41:811		I_CD			197.702
00:00:41:831		R_CD			678.103
00:00:41:927		S_CD			128.7
00:00:41:975		I_CD			195.725
00:00:42:097		S_CD			127.413
00:00:42:137		I_CD			193.768
00:00:42:177		R_CD			684.884
00:00:42:269		S_CD			126.139
00:00:42:299		I_CD			191.83
00:00:42:442		S_CD			124.878
00:00:42:460		I_CD			189.912
00:00:42:533		R_CD			691.733
00:00:42:618		S_CD			123.629
00:00:42:620		I_CD			188.012
00:00:42:779		I_CD			186.132
00:00:42:795		S_CD			122.393
00:00:42:902		R_CD			698.651
00:00:42:937		I_CD			184.271
00:00:42:974		S_CD			121.169
00:00:43:094		I_CD			182.428
00:00:43:156		S_CD			119.957
00:00:43:251		I_CD			180.604
00:00:43:283		R_CD			705.637
00:00:43:340		S_CD			118.758
00:00:43:406		I_CD			178.798
00:00:43:525		S_CD			117.57
00:00:43:562		I_CD			177.01
00:00:43:677		R_CD			712.693
00:00:43:713		S_CD			116.394
00:00:43:716		I_CD			175.24
00:00:43:870		I_CD			173.488
00:00:43:904		S_CD			115.23
00:00:44:023		I_CD			171.753
00:00:44:086		R_CD			719.82
00:00:44:097		S_CD			114.078
00:00:44:175		I_CD			170.035
00:00:44:292		S_CD			112.937
00:00:44:327		I_CD			168.335
00:00:44:478		I_CD			166.651
00:00:44:490		S_CD			111.808
00:00:44:511		R_CD			727.019
00:00:44:629		I_CD			164.985
00:00:44:690		S_CD			110.69
00:00:44:779		I_CD			163.335
00:00:44:894		S_CD			109.583
00:00:44:928		I_CD			161.702
00:00:44:952		R_CD			734.289
00:00:45:077		I_CD			160.085
00:00:45:100		S_CD			108.487
00:00:45:226		I_CD			158.484
00:00:45:309		S_CD			107.402
00:00:45:374		I_CD			156.899
00:00:45:412		R_CD			741.632
00:00:45:520		S_CD			106.328
00:00:45:521		I_CD			155.33
00:00:45:668		I_CD			153.777
00:00:45:736		S_CD			105.265
00:00:45:814		I_CD			152.239
00:00:45:891		R_CD			749.048
00:00:45:954		S_CD			104.212
00:00:45:961		I_CD			150.717
00:00:46:106		I_CD			149.209
00:00:46:176		S_CD			103.17
00:00:46:251		I_CD			147.717
00:00:46:392		R_CD			756.538
00:00:46:396		I_CD			146.24
00:00:46:401		S_CD			102.138
00:00:46:540		I_CD			144.778
00:00:46:629		S_CD			101.117
00:00:46:684		I_CD			143.33
00:00:46:828		I_CD			141.897
00:00:46:862		S_CD			100.106
00:00:46:916		R_CD			764.104
00:00:46:971		I_CD			140.478
00:00:47:098		S_CD			99.1048
00:00:47:114		I_CD			139.073
00:00:47:256		I_CD			137.682
00:00:47:338		S_CD			98.1138
00:00:47:398		I_CD			136.305
00:00:47:466		R_CD			771.745
00:00:47:540		I_CD			134.942
00:00:47:583		S_CD			97.1326
00:00:47:681		I_CD			133.593
00:00:47:822		I_CD			132.257
00:00:47:831		S_CD			96.1613
00:00:47:963		I_CD			130.934
00:00:48:043		R_CD			779.462
00:00:48:084		S_CD			95.1997
00:00:48:103		I_CD			129.625
00:00:48:243		I_CD			128.329
00:00:48:342		S_CD			94.2477
00:00:48:383		I_CD			127.046
00:00:48:522		I_CD			125.775
00:00:48:605		S_CD			93.3052
00:00:48:652		R_CD			787.257
00:00:48:662		I_CD			124.517
00:00:48:800		I_CD			123.272
00:00:48:873		S_CD			92.3722
00:00:48:939		I_CD			122.039
00:00:49:077		I_CD			120.819
00:00:49:146		S_CD			91.4484
00:00:49:216		I_CD			119.611
00:00:49:296		R_CD			795.129
00:00:49:353		I_CD			118.415
00:00:49:425		S_CD			90.534
00:00:49:491		I_CD			117.231
00:00:49:628		I_CD			116.058
00:00:49:709		S_CD			89.6286
00:00:49:765		I_CD			114.898
00:00:49:902		I_CD			113.749
00:00:49:978		R_CD			803.081
00:00:50:000		S_CD			88.7323
00:00:50:039		I_CD			112.611
00:00:50:175		I_CD			111.485
00:00:50:297		S_CD			87.845
00:00:50:311		I_CD			110.37
00:00:50:447		I_CD			109.267
00:00:50:583		I_CD			108.174
00:00:50:600		S_CD			86.9666
00:00:50:703		R_CD			811.112
00:00:50:718		I_CD			107.092
00:00:50:853		I_CD			106.021
00:00:50:911		S_CD			86.0969
00:00:50:988		I_CD			104.961
00:00:51:123		I_CD			103.911
00:00:51:229		S_CD			85.2359
00:00:51:258		I_CD			102.872
00:00:51:392		I_CD			101.844
00:00:51:478		R_CD			819.223
00:00:51:527		I_CD			100.825
00:00:51:554		S_CD			84.3836
00:00:51:661		I_CD			99.8169
00:00:51:795		I_CD			98.8187
00:00:51:888		S_CD			83.5397
00:00:51:928		I_CD			97.8305
00:00:52:062		I_CD			96.8522
00:00:52:195		I_CD			95.8837
00:00:52:231		S_CD			82.7043
00:00:52:309		R_CD			827.415
00:00:52:328		I_CD			94.9249
00:00:52:461		I_CD			93.9756
00:00:52:582		S_CD			81.8773
00:00:52:594		I_CD			93.0359
00:00:52:727		I_CD			92.1055
00:00:52:859		I_CD			91.1844
00:00:52:943		S_CD			81.0585
00:00:52:992		I_CD			90.2726
00:00:53:124		I_CD			89.3699
00:00:53:204		R_CD			835.689
00:00:53:256		I_CD			88.4762
00:00:53:314		S_CD			80.2479
00:00:53:388		I_CD			87.5914
00:00:53:520		I_CD			86.7155
00:00:53:651		I_CD			85.8483
00:00:53:696		S_CD			79.4455
00:00:53:783		I_CD			84.9899
00:00:53:914		I_CD			84.14
00:00:54:045		I_CD			83.2986
00:00:54:090		S_CD			78.651
00:00:54:176		R_CD			844.046
00:00:54:176		I_CD			82.4656
00:00:54:307		I_CD			81.6409
00:00:54:438		I_CD			80.8245
00:00:54:496		S_CD			77.8645
00:00:54:569		I_CD			80.0163
00:00:54:699		I_CD			79.2161
00:00:54:830		I_CD			78.4239
00:00:54:915		S_CD			77.0858
00:00:54:960		I_CD			77.6397
00:00:55:090		I_CD			76.8633
00:00:55:220		I_CD			76.0947
00:00:55:236		R_CD			852.486
00:00:55:347		S_CD			76.315
00:00:55:350		I_CD			75.3337
00:00:55:480		I_CD			74.5804
00:00:55:610		I_CD			73.8346
00:00:55:739		I_CD			73.0962
00:00:55:795		S_CD			75.5518
00:00:55:869		I_CD			72.3653
00:00:55:998		I_CD			71.6416
00:00:56:128		I_CD			70.9252
00:00:56:257		I_CD			70.216
00:00:56:259		S_CD			74.7963
00:00:56:386		I_CD			69.5138
00:00:56:403		R_CD			861.011
00:00:56:515		I_CD			68.8187
00:00:56:644		I_CD			68.1305
00:00:56:741		S_CD			74.0484
00:00:56:772		I_CD			67.4492
00:00:56:901		I_CD			66.7747
00:00:57:030		I_CD			66.1069
00:00:57:158		I_CD			65.4459
00:00:57:241		S_CD			73.3079
00:00:57:287		I_CD			64.7914
00:00:57:415		I_CD			64.1435
00:00:57:543		I_CD			63.502
00:00:57:671		I_CD			62.867
00:00:57:701		R_CD			869.621
00:00:57:761		S_CD			72.5748
00:00:57:799		I_CD			62.2384
00:00:57:927		I_CD			61.616
00:00:58:055		I_CD			60.9998
00:00:58:183		I_CD			60.3898
00:00:58:304		S_CD			71.849
00:00:58:311		I_CD			59.7859
00:00:58:438		I_CD			59.1881
00:00:58:566		I_CD			58.5962
00:00:58:693		I_CD			58.0102
00:00:58:820		I_CD			57.4301
00:00:58:871		S_CD			71.1306
00:00:58:948		I_CD			56.8558
00:00:59:075		I_CD			56.2873
00:00:59:161		R_CD			878.318
00:00:59:202		I_CD			55.7244
00:00:59:329		I_CD			55.1671
00:00:59:456		I_CD			54.6155
00:00:59:464		S_CD			70.4192
00:00:59:583		I_CD			54.0693
00:00:59:710		I_CD			53.5286
00:00:59:837		I_CD			52.9933
00:00:59:963		I_CD			52.4634
00:01:00:087		S_CD			69.7151
00:01:00:090		I_CD			51.9388
00:01:00:217		I_CD			51.4194
00:01:00:343		I_CD			50.9052
00:01:00:470		I_CD			50.3961
00:01:00:596		I_CD			49.8922
00:01:00:722		I_CD			49.3932
00:01:00:742		S_CD			69.0179
00:01:00:830		R_CD			887.101
00:01:00:849		I_CD			48.8993
00:01:00:975		I_CD			48.4103
00:01:01:101		I_CD			47.9262
00:01:01:227		I_CD			47.447
00:01:01:353		I_CD			46.9725
00:01:01:434		S_CD			68.3277
00:01:01:479		I_CD			46.5028
00:01:01:605		I_CD			46.0377
00:01:01:731		I_CD			45.5774
00:01:01:856		I_CD			45.1216
00:01:01:982		I_CD			44.6704
00:01:02:108		I_CD			44.2237
00:01:02:165		S_CD			67.6444
00:01:02:234		I_CD			43.7814
00:01:02:359		I_CD			43.3436
00:01:02:484		I_CD			42.9102
00:01:02:610		I_CD			42.4811
00:01:02:735		I_CD			42.0563
00:01:02:776		R_CD			895.972
00:01:02:861		I_CD			41.6357
00:01:02:942		S_CD			66.968
00:01:02:986		I_CD			41.2193
00:01:03:111		I_CD			40.8072
00:01:03:236		I_CD			40.3991
00:01:03:362		I_CD			39.9951
00:01:03:487		I_CD			39.5951
00:01:03:612		I_CD			39.1992
00:01:03:737		I_CD			38.8072
00:01:03:771		S_CD			66.2983
00:01:03:862		I_CD			38.4191
00:01:03:987		I_CD			38.0349
00:01:04:112		I_CD			37.6546
00:01:04:236		I_CD			37.278
00:01:04:361		I_CD			36.9053
00:01:04:486		I_CD			36.5362
00:01:04:611		I_CD			36.1708
00:01:04:659		S_CD			65.6353
00:01:04:736		I_CD			35.8091
00:01:04:860		I_CD			35.451
00:01:04:985		I_CD			35.0965
00:01:05:108		R_CD			904.931
00:01:05:109		I_CD			34.7456
00:01:05:234		I_CD			34.3981
00:01:05:358		I_CD			34.0541
00:01:05:483		I_CD			33.7136
00:01:05:607		I_CD			33.3765
00:01:05:615		S_CD			64.979
00:01:05:731		I_CD			33.0427
00:01:05:856		I_CD			32.7123
00:01:05:980		I_CD			32.3851
00:01:06:104		I_CD			32.0613
00:01:06:228		I_CD			31.7407
00:01:06:352		I_CD			31.4233
00:01:06:477		I_CD			31.109
00:01:06:601		I_CD			30.7979
00:01:06:652		S_CD			64.3292
00:01:06:725		I_CD			30.49
00:01:06:849		I_CD			30.1851
00:01:06:973		I_CD			29.8832
00:01:07:097		I_CD			29.5844
00:01:07:221		I_CD			29.2885
00:01:07:345		I_CD			28.9957
00:01:07:468		I_CD			28.7057
00:01:07:592		I_CD			28.4186
00:01:07:716		I_CD			28.1345
00:01:07:784		S_CD			63.6859
00:01:07:840		I_CD			27.8531
00:01:07:964		I_CD			27.5746
00:01:08:016		R_CD			913.981
00:01:08:087		I_CD			27.2988
00:01:08:211		I_CD			27.0258
00:01:08:335		I_CD			26.7556
00:01:08:458		I_CD			26.488
00:01:08:582		I_CD			26.2231
00:01:08:705		I_CD			25.9609
00:01:08:829		I_CD			25.7013
00:01:08:953		I_CD			25.4443
00:01:09:030		S_CD			63.049
00:01:09:076		I_CD			25.1899
00:01:09:199		I_CD			24.938
00:01:09:323		I_CD			24.6886
00:01:09:446		I_CD			24.4417
00:01:09:569		I_CD			24.1973
00:01:09:693		I_CD			23.9553
00:01:09:816		I_CD			23.7157
00:01:09:939		I_CD			23.4786
00:01:10:063		I_CD			23.2438
00:01:10:186		I_CD			23.0114
00:01:10:309		I_CD			22.7813
00:01:10:418		S_CD			62.4186
00:01:10:433		I_CD			22.5534
00:01:10:556		I_CD			22.3279
00:01:10:679		I_CD			22.1046
00:01:10:802		I_CD			21.8836
00:01:10:925		I_CD			21.6647
00:01:11:048		I_CD			21.4481
00:01:11:171		I_CD			21.2336
00:01:11:294		I_CD			21.0213
00:01:11:417		I_CD			20.8111
00:01:11:540		I_CD			20.603
00:01:11:663		I_CD			20.3969
00:01:11:786		I_CD			20.193
00:01:11:876		R_CD			923.121
00:01:11:909		I_CD			19.991
00:01:11:982		S_CD			61.7944
00:01:12:032		I_CD			19.7911
00:01:12:155		I_CD			19.5932
00:01:12:278		I_CD			19.3973
00:01:12:400		I_CD			19.2033
00:01:12:523		I_CD			19.0113
00:01:12:646		I_CD			18.8212
00:01:12:769		I_CD			18.6329
00:01:12:891		I_CD			18.4466
00:01:13:014		I_CD			18.2621
00:01:13:137		I_CD			18.0795
00:01:13:260		I_CD			17.8987
00:01:13:382		I_CD			17.7197
00:01:13:505		I_CD			17.5425
00:01:13:628		I_CD			17.3671
00:01:13:751		I_CD			17.1934
00:01:13:777		S_CD			61.1764
00:01:13:873		I_CD			17.0215
00:01:13:996		I_CD			16.8513
00:01:14:118		I_CD			16.6828
00:01:14:241		I_CD			16.516
00:01:14:363		I_CD			16.3508
00:01:14:486		I_CD			16.1873
00:01:14:608		I_CD			16.0254
00:01:14:731		I_CD			15.8652
00:01:14:853		I_CD			15.7065
00:01:14:976		I_CD			15.5494
00:01:15:098		I_CD			15.394
00:01:15:220		I_CD			15.24
00:01:15:343		I_CD			15.0876
00:01:15:465		I_CD			14.9367
00:01:15:588		I_CD			14.7874
00:01:15:710		I_CD			14.6395
00:01:15:833		I_CD			14.4931
00:01:15:882		S_CD			60.5647
00:01:15:955		I_CD			14.3482
00:01:16:077		I_CD			14.2047
00:01:16:200		I_CD			14.0626
00:01:16:322		I_CD			13.922
00:01:16:444		I_CD			13.7828
00:01:16:566		I_CD			13.645
00:01:16:688		I_CD			13.5085
00:01:16:811		I_CD			13.3734
00:01:16:933		I_CD			13.2397
00:01:17:055		I_CD			13.1073
00:01:17:177		I_CD			12.9762
00:01:17:299		I_CD			12.8465
00:01:17:422		I_CD			12.718
00:01:17:544		I_CD			12.5908
00:01:17:621		R_CD			932.352
00:01:17:666		I_CD			12.4649
00:01:17:788		I_CD			12.3403
00:01:17:910		I_CD			12.2169
00:01:18:033		I_CD			12.0947
00:01:18:155		I_CD			11.9737
00:01:18:277		I_CD			11.854
00:01:18:399		I_CD			11.7355
00:01:18:428		S_CD			59.959
00:01:18:521		I_CD			11.6181
00:01:18:643		I_CD			11.5019
00:01:18:765		I_CD			11.3869
00:01:18:887		I_CD			11.273
00:01:19:009		I_CD			11.1603
00:01:19:131		I_CD			11.0487
00:01:19:253		I_CD			10.9382
00:01:19:375		I_CD			10.8288
00:01:19:497		I_CD			10.7206
00:01:19:619		I_CD			10.6133
00:01:19:741		I_CD			10.5072
00:01:19:863		I_CD			10.4021
00:01:19:984		I_CD			10.2981
00:01:20:106		I_CD			10.1951
00:01:20:228		I_CD			10.0932
00:01:20:350		I_CD			9.99226
00:01:20:472		I_CD			9.89233
00:01:20:594		I_CD			9.79341
00:01:20:716		I_CD			9.69548
00:01:20:838		I_CD			9.59852
00:01:20:960		I_CD			9.50254
00:01:21:082		I_CD			9.40751
00:01:21:204		I_CD			9.31344
00:01:21:326		I_CD			9.2203
00:01:21:448		I_CD			9.1281
00:01:21:570		I_CD			9.03682
00:01:21:654		S_CD			59.3594
00:01:21:691		I_CD			8.94645
00:01:21:813		I_CD			8.85698
00:01:21:935		I_CD			8.76841
00:01:22:056		I_CD			8.68073
00:01:22:178		I_CD			8.59392
00:01:22:300		I_CD			8.50798
00:01:22:421		I_CD			8.4229
00:01:22:543		I_CD			8.33867
00:01:22:665		I_CD			8.25529
00:01:22:786		I_CD			8.17274
00:01:22:908		I_CD			8.09101
00:01:23:030		I_CD			8.0101
00:01:23:151		I_CD			7.93
00:01:23:273		I_CD			7.8507
00:01:23:395		I_CD			7.77219
00:01:23:516		I_CD			7.69447
00:01:23:638		I_CD			7.61752
00:01:23:760		I_CD			7.54135
00:01:23:881		I_CD			7.46593
00:01:24:003		I_CD			7.39128
00:01:24:125		I_CD			7.31736
00:01:24:246		I_CD			7.24419
00:01:24:368		I_CD			7.17175
00:01:24:490		I_CD			7.10003
00:01:24:611		I_CD			7.02903
00:01:24:733		I_CD			6.95874
00:01:24:855		I_CD			6.88915
00:01:24:976		I_CD			6.82026
00:01:25:098		I_CD			6.75206
00:01:25:220		I_CD			6.68454
00:01:25:341		I_CD			6.61769
00:01:25:463		I_CD			6.55151
00:01:25:585		I_CD			6.486
00:01:25:706		I_CD			6.42114
00:01:25:828		I_CD			6.35693
00:01:25:950		I_CD			6.29336
00:01:26:064		S_CD			58.7658
00:01:26:071		I_CD			6.23043
00:01:26:193		I_CD			6.16812
00:01:26:314		I_CD			6.10644
00:01:26:436		I_CD			6.04538
00:01:26:557		I_CD			5.98492
00:01:26:678		I_CD			5.92507
00:01:26:800		I_CD			5.86582
00:01:26:921		I_CD			5.80716
00:01:27:043		I_CD			5.74909
00:01:27:164		I_CD			5.6916
00:01:27:285		I_CD			5.63468
00:01:27:407		I_CD			5.57834
00:01:27:528		I_CD			5.52255
00:01:27:650		I_CD			5.46733
00:01:27:771		I_CD			5.41266
00:01:27:892		I_CD			5.35853
00:01:28:014		I_CD			5.30494
00:01:28:135		I_CD			5.25189
00:01:28:257		I_CD			5.19938
00:01:28:378		I_CD			5.14738
00:01:28:499		I_CD			5.09591
00:01:28:621		I_CD			5.04495
00:01:28:742		I_CD			4.9945
00:01:28:864		I_CD			4.94455
00:01:28:985		I_CD			4.89511
00:01:29:087		R_CD			941.675
00:01:29:106		I_CD			4.84616
00:01:29:228		I_CD			4.7977
00:01:29:349		I_CD			4.74972
00:01:29:471		I_CD			4.70222
00:01:29:592		I_CD			4.6552
00:01:29:713		I_CD			4.60865
00:01:29:835		I_CD			4.56256
00:01:29:956		I_CD			4.51694
00:01:30:078		I_CD			4.47177
00:01:30:199		I_CD			4.42705
00:01:30:321		I_CD			4.38278
00:01:30:442		I_CD			4.33895
00:01:30:563		I_CD			4.29556
00:01:30:685		I_CD			4.25261
00:01:30:806		I_CD			4.21008
00:01:30:928		I_CD			4.16798
00:01:31:049		I_CD			4.1263
00:01:31:170		I_CD			4.08504
00:01:31:292		I_CD			4.04419
00:01:31:413		I_CD			4.00374
00:01:31:535		I_CD			3.96371
00:01:31:656		I_CD			3.92407
00:01:31:777		I_CD			3.88483
00:01:31:899		I_CD			3.84598
00:01:32:020		I_CD			3.80752
00:01:32:142		I_CD			3.76944
00:01:32:263		I_CD			3.73175
00:01:32:384		I_CD			3.69443
00:01:32:506		I_CD			3.65749
00:01:32:627		I_CD			3.62091
00:01:32:749		I_CD			3.5847
00:01:32:870		I_CD			3.54886
00:01:32:991		I_CD			3.51337
00:01:33:077		S_CD			58.1782
00:01:33:113		I_CD			3.47824
00:01:33:234		I_CD			3.44345
00:01:33:355		I_CD			3.40902
00:01:33:476		I_CD			3.37493
00:01:33:597		I_CD			3.34118
00:01:33:718		I_CD			3.30777
00:01:33:840		I_CD			3.27469
00:01:33:961		I_CD			3.24194
00:01:34:082		I_CD			3.20952
00:01:34:203		I_CD			3.17743
00:01:34:324		I_CD			3.14565
00:01:34:445		I_CD			3.1142
00:01:34:566		I_CD			3.08306
00:01:34:688		I_CD			3.05222
00:01:34:809		I_CD			3.0217
00:01:34:930		I_CD			2.99149
00:01:35:051		I_CD			2.96157
00:01:35:172		I_CD			2.93195
00:01:35:293		I_CD			2.90264
00:01:35:414		I_CD			2.87361
00:01:35:536		I_CD			2.84487
00:01:35:657		I_CD			2.81642
00:01:35:778		I_CD			2.78826
00:01:35:899		I_CD			2.76038
00:01:36:020		I_CD			2.73277
00:01:36:141		I_CD			2.70545
00:01:36:262		I_CD			2.67839
00:01:36:384		I_CD			2.65161
00:01:36:505		I_CD			2.62509
00:01:36:626		I_CD			2.59884
00:01:36:747		I_CD			2.57285
00:01:36:868		I_CD			2.54712
00:01:36:989		I_CD			2.52165
00:01:37:110		I_CD			2.49644
00:01:37:232		I_CD			2.47147
00:01:37:353		I_CD			2.44676
00:01:37:474		I_CD			2.42229
00:01:37:595		I_CD			2.39807
00:01:37:716		I_CD			2.37409
00:01:37:837		I_CD			2.35034
00:01:37:958		I_CD			2.32684
00:01:38:080		I_CD			2.30357
00:01:38:201		I_CD			2.28054
00:01:38:322		I_CD			2.25773
00:01:38:443		I_CD			2.23515
00:01:38:564		I_CD			2.2128
00:01:38:685		I_CD			2.19067
00:01:38:806		I_CD			2.16877
00:01:38:928		I_CD			2.14708
00:01:39:049		I_CD			2.12561
00:01:39:170		I_CD			2.10435
00:01:39:291		I_CD			2.08331
00:01:39:412		I_CD			2.06248
00:01:39:533		I_CD			2.04185
00:01:39:654		I_CD			2.02143
00:01:39:776		I_CD			2.00122
00:01:39:897		I_CD			1.98121
00:01:40:018		I_CD			1.96139
00:01:40:139		I_CD			1.94178
00:01:40:260		I_CD			1.92236
00:01:40:381		I_CD			1.90314
00:01:40:502		I_CD			1.88411
00:01:40:624		I_CD			1.86527
00:01:40:745		I_CD			1.84661
00:01:40:866		I_CD			1.82815
00:01:40:987		I_CD			1.80987
00:01:41:108		I_CD			1.79177
00:01:41:229		I_CD			1.77385
00:01:41:350		I_CD			1.75611
00:01:41:472		I_CD			1.73855
00:01:41:593		I_CD			1.72117
00:01:41:714		I_CD			1.70395
00:01:41:835		I_CD			1.68691
00:01:41:956		I_CD			1.67005
00:01:42:077		I_CD			1.65334
00:01:42:198		I_CD			1.63681
00:01:42:320		I_CD			1.62044
00:01:42:441		I_CD			1.60424
00:01:42:562		I_CD			1.5882
00:01:42:683		I_CD			1.57231
00:01:42:804		I_CD			1.55659
00:01:42:925		I_CD			1.54103
00:01:43:046		I_CD			1.52561
00:01:43:168		I_CD			1.51036
00:01:43:289		I_CD			1.49526
00:01:43:410		I_CD			1.4803
00:01:43:531		I_CD			1.4655
00:01:43:652		I_CD			1.45084
00:01:43:773		I_CD			1.43634
00:01:43:894		I_CD			1.42197
00:01:44:016		I_CD			1.40775
00:01:44:137		I_CD			1.39368
00:01:44:258		I_CD			1.37974
00:01:44:379		I_CD			1.36594
00:01:44:500		I_CD			1.35228
00:01:44:621		I_CD			1.33876
00:01:44:743		I_CD			1.32537
00:01:44:864		I_CD			1.31212
00:01:44:985		I_CD			1.299
00:01:45:106		I_CD			1.28601
00:01:45:227		I_CD			1.27315
00:01:45:348		I_CD			1.26042
00:01:45:469		I_CD			1.24781
00:01:45:591		I_CD			1.23533
00:01:45:712		I_CD			1.22298
00:01:45:833		I_CD			1.21075
00:01:45:954		I_CD			1.19864
00:01:46:075		I_CD			1.18666
00:01:46:196		I_CD			1.17479
00:01:46:317		I_CD			1.16304
00:01:46:439		I_CD			1.15141
00:01:46:560		I_CD			1.1399
00:01:46:681		I_CD			1.1285
00:01:46:802		I_CD			1.11721
00:01:46:923		I_CD			1.10604
00:01:47:044		I_CD			1.09498
00:01:47:165		I_CD			1.08403
00:01:47:287		I_CD			1.07319
00:01:47:408		I_CD			1.06246
00:01:47:529		I_CD			1.05183
00:01:47:650		I_CD			1.04132
00:01:47:771		I_CD			1.0309
00:01:47:892		I_CD			1.02059
00:01:48:013		I_CD			1.01039
00:01:48:135		I_CD			1.00028
00:01:48:256		I_CD			0.990281
00:01:48:377		I_CD			0.980378
00:01:48:498		I_CD			0.970574
00:01:48:619		I_CD			0.960868
00:01:48:740		I_CD			0.95126
00:01:48:861		I_CD			0.941747
00:01:48:983		I_CD			0.93233
00:01:49:104		I_CD			0.923006
00:01:49:225		I_CD			0.913776
00:01:49:346		I_CD			0.904638
00:01:49:467		I_CD			0.895592
00:01:49:588		I_CD			0.886636
00:01:49:709		I_CD			0.87777
00:01:49:831		I_CD			0.868992
00:01:49:952		I_CD			0.860302
00:01:50:073		I_CD			0.851699
00:01:50:194		I_CD			0.843182
00:01:50:315		I_CD			0.83475
00:01:50:436		I_CD			0.826403
00:01:50:557		I_CD			0.818139
00:01:50:679		I_CD			0.809957
00:01:50:800		I_CD			0.801858
00:01:50:921		I_CD			0.793839
00:01:51:042		I_CD			0.785901
00:01:51:163		I_CD			0.778042
00:01:51:284		I_CD			0.770261
00:01:51:405		I_CD			0.762559
00:01:51:527		I_CD			0.754933
00:01:51:648		I_CD			0.747384
00:01:51:769		I_CD			0.73991
00:01:51:817		S_CD			57.5964
00:01:51:890		I_CD			0.732511
00:01:52:011		I_CD			0.725186
00:01:52:132		I_CD			0.717934
00:01:52:252		I_CD			0.710755
00:01:52:373		I_CD			0.703647
00:01:52:494		I_CD			0.696611
00:01:52:615		I_CD			0.689645
00:01:52:736		I_CD			0.682748
00:01:52:857		I_CD			0.675921
00:01:52:978		I_CD			0.669161
00:01:53:099		I_CD			0.66247
00:01:53:220		I_CD			0.655845
00:01:53:340		I_CD			0.649287
00:01:53:461		I_CD			0.642794
00:01:53:582		I_CD			0.636366
00:01:53:703		I_CD			0.630002
00:01:53:824		I_CD			0.623702
00:01:53:945		I_CD			0.617465
00:01:54:066		I_CD			0.61129
00:01:54:187		I_CD			0.605178
00:01:54:308		I_CD			0.599126
00:01:54:428		I_CD			0.593135
00:01:54:549		I_CD			0.587203
00:01:54:670		I_CD			0.581331
00:01:54:791		I_CD			0.575518
00:01:54:912		I_CD			0.569763
00:01:55:033		I_CD			0.564065
00:01:55:154		I_CD			0.558424
00:01:55:275		I_CD			0.55284
00:01:55:396		I_CD			0.547312
00:01:55:516		I_CD			0.541839
00:01:55:637		I_CD			0.53642
00:01:55:758		I_CD			0.531056
00:01:55:879		I_CD			0.525745
00:01:56:000		I_CD			0.520488
00:01:56:121		I_CD			0.515283
00:01:56:242		I_CD			0.51013
00:01:56:363		I_CD			0.505029
00:01:56:484		I_CD			0.499979
00:01:56:604		I_CD			0.494979
00:01:56:725		I_CD			0.490029
00:01:56:846		I_CD			0.485129
00:01:56:967		I_CD			0.480278
00:01:57:088		I_CD			0.475475
00:01:57:209		I_CD			0.47072
00:01:57:330		I_CD			0.466013
00:01:57:451		I_CD			0.461353
00:01:57:572		I_CD			0.456739
00:01:57:692		I_CD			0.452172
00:01:57:813		I_CD			0.44765
00:01:57:934		I_CD			0.443174
00:01:58:055		I_CD			0.438742
00:01:58:176		I_CD			0.434354
00:01:58:297		I_CD			0.430011
00:01:58:418		I_CD			0.425711
00:01:58:539		I_CD			0.421454
00:01:58:660		I_CD			0.417239
00:01:58:780		I_CD			0.413067
00:01:58:901		I_CD			0.408936
00:01:59:022		I_CD			0.404847
00:01:59:143		I_CD			0.400798
00:01:59:264		I_CD			0.39679
00:01:59:385		I_CD			0.392822
00:01:59:506		I_CD			0.388894
00:01:59:627		I_CD			0.385005
00:01:59:748		I_CD			0.381155
00:01:59:868		I_CD			0.377344
00:01:59:989		I_CD			0.37357
00:02:00:110		I_CD			0.369834
00:02:00:231		I_CD			0.366136
00:02:00:352		I_CD			0.362475
00:02:00:473		I_CD			0.35885
00:02:00:594		I_CD			0.355261
00:02:00:715		I_CD			0.351709
00:02:00:836		I_CD			0.348192
00:02:00:956		I_CD			0.34471
00:02:01:077		I_CD			0.341263
00:02:01:198		I_CD			0.33785
00:02:01:319		I_CD			0.334472
00:02:01:440		I_CD			0.331127
00:02:01:561		I_CD			0.327816
00:02:01:682		I_CD			0.324538
00:02:01:803		I_CD			0.321292
00:02:01:924		I_CD			0.318079
00:02:02:044		I_CD			0.314898
00:02:02:165		I_CD			0.311749
00:02:02:286		I_CD			0.308632
00:02:02:407		I_CD			0.305546
00:02:02:528		I_CD			0.30249
00:02:02:649		I_CD			0.299465
00:02:02:770		I_CD			0.296471
00:02:02:891		I_CD			0.293506
00:02:03:012		I_CD			0.290571
00:02:03:132		I_CD			0.287665
00:02:03:253		I_CD			0.284788
00:02:03:374		I_CD			0.281941
00:02:03:495		I_CD			0.279121
00:02:03:616		I_CD			0.27633
00:02:03:737		I_CD			0.273567
00:02:03:858		I_CD			0.270831
00:02:03:979		I_CD			0.268123
00:02:04:100		I_CD			0.265441
00:02:04:220		I_CD			0.262787
00:02:04:341		I_CD			0.260159
00:02:04:462		I_CD			0.257558
00:02:04:583		I_CD			0.254982
00:02:04:704		I_CD			0.252432
00:02:04:825		I_CD			0.249908
00:02:04:946		I_CD			0.247409
00:02:05:067		I_CD			0.244935
00:02:05:188		I_CD			0.242485
00:02:05:308		I_CD			0.240061
00:02:05:429		I_CD			0.23766
00:02:05:550		I_CD			0.235283
00:02:05:671		I_CD			0.23293
00:02:05:792		I_CD			0.230601
00:02:05:913		I_CD			0.228295
00:02:06:034		I_CD			0.226012
00:02:06:155		I_CD			0.223752
00:02:06:276		I_CD			0.221515
00:02:06:396		I_CD			0.219299
00:02:06:517		I_CD			0.217106
00:02:06:638		I_CD			0.214935
00:02:06:759		I_CD			0.212786
00:02:06:880		I_CD			0.210658
00:02:07:001		I_CD			0.208552
00:02:07:122		I_CD			0.206466
00:02:07:243		I_CD			0.204401
00:02:07:364		I_CD			0.202357
00:02:07:484		I_CD			0.200334
00:02:07:605		I_CD			0.19833
00:02:07:726		I_CD			0.196347
00:02:07:847		I_CD			0.194384
00:02:07:968		I_CD			0.19244
00:02:08:089		I_CD			0.190515
00:02:08:210		I_CD			0.18861
00:02:08:331		I_CD			0.186724
00:02:08:452		I_CD			0.184857
00:02:08:572		I_CD			0.183008
00:02:08:693		I_CD			0.181178
00:02:08:814		I_CD			0.179367
00:02:08:935		I_CD			0.177573
00:02:09:056		I_CD			0.175797
00:02:09:177		I_CD			0.174039
00:02:09:298		I_CD			0.172299
00:02:09:419		I_CD			0.170576
00:02:09:540		I_CD			0.16887
00:02:09:660		I_CD			0.167181
00:02:09:781		I_CD			0.165509
00:02:09:902		I_CD			0.163854
00:02:10:023		I_CD			0.162216
00:02:10:144		I_CD			0.160594
00:02:10:265		I_CD			0.158988
00:02:10:386		I_CD			0.157398
00:02:10:507		I_CD			0.155824
00:02:10:627		I_CD			0.154266
00:02:10:748		I_CD			0.152723
00:02:10:869		I_CD			0.151196
00:02:10:990		I_CD			0.149684
00:02:11:111		I_CD			0.148187
00:02:11:232		I_CD			0.146705
00:02:11:353		I_CD			0.145238
00:02:11:474		I_CD			0.143786
00:02:11:595		I_CD			0.142348
00:02:11:715		I_CD			0.140924
00:02:11:836		I_CD			0.139515
00:02:11:957		I_CD			0.13812
00:02:12:078		I_CD			0.136739
00:02:12:199		I_CD			0.135371
00:02:12:320		I_CD			0.134018
00:02:12:441		I_CD			0.132677
00:02:12:562		I_CD			0.131351
00:02:12:683		I_CD			0.130037
00:02:12:803		I_CD			0.128737
00:02:12:924		I_CD			0.127449
00:02:13:045		I_CD			0.126175
00:02:13:166		I_CD			0.124913
00:02:13:287		I_CD			0.123664
00:02:13:408		I_CD			0.122427
00:02:13:529		I_CD			0.121203
00:02:13:650		I_CD			0.119991
00:02:13:771		I_CD			0.118791
00:02:13:891		I_CD			0.117603
00:02:14:012		I_CD			0.116427
00:02:14:133		I_CD			0.115263
00:02:14:254		I_CD			0.11411
00:02:14:375		I_CD			0.112969
00:02:14:496		I_CD			0.11184
00:02:14:617		I_CD			0.110721
00:02:14:738		I_CD			0.109614
00:02:14:859		I_CD			0.108518
00:02:14:979		I_CD			0.107433
00:02:15:100		I_CD			0.106358
00:02:15:221		I_CD			0.105295
00:02:15:342		I_CD			0.104242
00:02:15:463		I_CD			0.103199
00:02:15:584		I_CD			0.102167
00:02:15:705		I_CD			0.101146
00:02:15:826		I_CD			0.100134
00:02:15:947		I_CD			0.0991329
00:02:16:067		I_CD			0.0981416
00:02:16:188		I_CD			0.0971602
00:02:16:309		I_CD			0.0961886
00:02:16:430		I_CD			0.0952267
00:02:16:551		I_CD			0.0942744
00:02:16:672		I_CD			0.0933317
00:02:16:793		I_CD			0.0923983
00:02:16:914		I_CD			0.0914744
00:02:17:035		I_CD			0.0905596
00:02:17:155		I_CD			0.089654
00:02:17:276		I_CD			0.0887575
00:02:17:397		I_CD			0.0878699
00:02:17:518		I_CD			0.0869912
00:02:17:639		I_CD			0.0861213
00:02:17:760		I_CD			0.0852601
00:02:17:881		I_CD			0.0844075
00:02:18:002		I_CD			0.0835634
00:02:18:123		I_CD			0.0827278
00:02:18:243		I_CD			0.0819005
00:02:18:364		I_CD			0.0810815
00:02:18:485		I_CD			0.0802707
00:02:18:606		I_CD			0.079468
00:02:18:727		I_CD			0.0786733
00:02:18:848		I_CD			0.0778866
00:02:18:969		I_CD			0.0771077
00:02:19:090		I_CD			0.0763366
00:02:19:211		I_CD			0.0755732
00:02:19:331		I_CD			0.0748175
00:02:19:452		I_CD			0.0740693
00:02:19:573		I_CD			0.0733286
00:02:19:694		I_CD			0.0725954
00:02:19:815		I_CD			0.0718694
00:02:19:936		I_CD			0.0711507
00:02:20:057		I_CD			0.0704392
00:02:20:178		I_CD			0.0697348
00:02:20:299		I_CD			0.0690375
00:02:20:419		I_CD			0.0683471
00:02:20:540		I_CD			0.0676636
00:02:20:661		I_CD			0.066987
00:02:20:782		I_CD			0.0663171
00:02:20:903		I_CD			0.0656539
00:02:21:024		I_CD			0.0649974
00:02:21:145		I_CD			0.0643474
00:02:21:266		I_CD			0.063704
00:02:21:387		I_CD			0.0630669
00:02:21:507		I_CD			0.0624362
00:02:21:628		I_CD			0.0618119
00:02:21:749		I_CD			0.0611938
00:02:21:870		I_CD			0.0605818
00:02:21:991		I_CD			0.059976
00:02:22:112		I_CD			0.0593762
00:02:22:233		I_CD			0.0587825
00:02:22:354		I_CD			0.0581947
00:02:22:475		I_CD			0.0576127
00:02:22:595		I_CD			0.0570366
00:02:22:716		I_CD			0.0564662
00:02:22:837		I_CD			0.0559016
00:02:22:958		I_CD			0.0553425
00:02:23:079		I_CD			0.0547891
00:02:23:200		I_CD			0.0542412
00:02:23:321		I_CD			0.0536988
00:02:23:442		I_CD			0.0531618
00:02:23:563		I_CD			0.0526302
00:02:23:683		I_CD			0.0521039
00:02:23:804		I_CD			0.0515829
00:02:23:925		I_CD			0.051067
00:02:24:046		I_CD			0.0505564
00:02:24:167		I_CD			0.0500508
00:02:24:288		I_CD			0.0495503
00:02:24:409		I_CD			0.0490548
00:02:24:530		I_CD			0.0485642
00:02:24:651		I_CD			0.0480786
00:02:24:771		I_CD			0.0475978
00:02:24:892		I_CD			0.0471218
00:02:25:013		I_CD			0.0466506
00:02:25:134		I_CD			0.0461841
00:02:25:255		I_CD			0.0457223
00:02:25:376		I_CD			0.0452651
00:02:25:497		I_CD			0.0448124
00:02:25:618		I_CD			0.0443643
00:02:25:739		I_CD			0.0439206
00:02:25:859		I_CD			0.0434814
00:02:25:980		I_CD			0.0430466
00:02:26:101		I_CD			0.0426161
00:02:26:222		I_CD			0.04219
00:02:26:343		I_CD			0.0417681
00:02:26:464		I_CD			0.0413504
00:02:26:585		I_CD			0.0409369
00:02:26:706		I_CD			0.0405275
00:02:26:827		I_CD			0.0401223
00:02:26:947		I_CD			0.039721
00:02:27:068		I_CD			0.0393238
00:02:27:189		I_CD			0.0389306
00:02:27:310		I_CD			0.0385413
00:02:27:431		I_CD			0.0381559
00:02:27:552		I_CD			0.0377743
00:02:27:673		I_CD			0.0373966
00:02:27:794		I_CD			0.0370226
00:02:27:915		I_CD			0.0366524
00:02:28:035		I_CD			0.0362858
00:02:28:156		I_CD			0.035923
00:02:28:277		I_CD			0.0355638
00:02:28:398		I_CD			0.0352081
00:02:28:519		I_CD			0.034856
00:02:28:640		I_CD			0.0345075
00:02:28:761		I_CD			0.0341624
00:02:28:882		I_CD			0.0338208
00:02:29:003		I_CD			0.0334826
00:02:29:123		I_CD			0.0331477
00:02:29:244		I_CD			0.0328163
00:02:29:365		I_CD			0.0324881
00:02:29:486		I_CD			0.0321632
00:02:29:607		I_CD			0.0318416
00:02:29:728		I_CD			0.0315232
00:02:29:849		I_CD			0.0312079
00:02:29:970		I_CD			0.0308959
00:02:30:090		I_CD			0.0305869
00:02:30:211		I_CD			0.030281
00:02:30:332		I_CD			0.0299782
00:02:30:453		I_CD			0.0296784
00:02:30:574		I_CD			0.0293817
00:02:30:695		I_CD			0.0290878
00:02:30:816		I_CD			0.028797
00:02:30:937		I_CD			0.028509
00:02:31:058		I_CD			0.0282239
00:02:31:178		I_CD			0.0279417
00:02:31:299		I_CD			0.0276623
00:02:31:420		I_CD			0.0273856
00:02:31:541		I_CD			0.0271118
00:02:31:662		I_CD			0.0268407
00:02:31:783		I_CD			0.0265722
00:02:31:904		I_CD			0.0263065
00:02:32:025		I_CD			0.0260435
00:02:32:146		I_CD			0.025783
00:02:32:266		I_CD			0.0255252
00:02:32:387		I_CD			0.0252699
00:02:32:508		I_CD			0.0250172
00:02:32:629		I_CD			0.0247671
00:02:32:750		I_CD			0.0245194
00:02:32:871		I_CD			0.0242742
00:02:32:992		I_CD			0.0240315
00:02:33:113		I_CD			0.0237912
00:02:33:234		I_CD			0.0235532
00:02:33:354		I_CD			0.0233177
00:02:33:475		I_CD			0.0230845
00:02:33:596		I_CD			0.0228537
00:02:33:717		I_CD			0.0226251
00:02:33:838		I_CD			0.0223989
00:02:33:959		I_CD			0.0221749
00:02:34:080		I_CD			0.0219532
00:02:34:201		I_CD			0.0217336
00:02:34:322		I_CD			0.0215163
00:02:34:442		I_CD			0.0213011
00:02:34:563		I_CD			0.0210881
00:02:34:684		I_CD			0.0208772
00:02:34:805		I_CD			0.0206685
00:02:34:926		I_CD			0.0204618
00:02:35:047		I_CD			0.0202572
00:02:35:168		I_CD			0.0200546
00:02:35:289		I_CD			0.019854
00:02:35:410		I_CD			0.0196555
00:02:35:530		I_CD			0.0194589
00:02:35:651		I_CD			0.0192644
00:02:35:772		I_CD			0.0190717
00:02:35:893		I_CD			0.018881
00:02:36:014		I_CD			0.0186922
00:02:36:135		I_CD			0.0185053
00:02:36:256		I_CD			0.0183202
00:02:36:377		I_CD			0.018137
00:02:36:498		I_CD			0.0179556
00:02:36:618		I_CD			0.0177761
00:02:36:739		I_CD			0.0175983
00:02:36:860		I_CD			0.0174223
00:02:36:981		I_CD			0.0172481
00:02:37:102		I_CD			0.0170756
00:02:37:223		I_CD			0.0169049
00:02:37:344		I_CD			0.0167358
00:02:37:465		I_CD			0.0165685
00:02:37:586		I_CD			0.0164028
00:02:37:706		I_CD			0.0162388
00:02:37:827		I_CD			0.0160764
00:02:37:948		I_CD			0.0159156
00:02:38:069		I_CD			0.0157565
00:02:38:190		I_CD			0.0155989
00:02:38:311		I_CD			0.0154429
00:02:38:432		I_CD			0.0152885
00:02:38:553		I_CD			0.0151356
00:02:38:674		I_CD			0.0149842
00:02:38:794		I_CD			0.0148344
00:02:38:915		I_CD			0.014686
00:02:39:036		I_CD			0.0145392
00:02:39:157		I_CD			0.0143938
00:02:39:278		I_CD			0.0142499
00:02:39:399		I_CD			0.0141074
00:02:39:520		I_CD			0.0139663
00:02:39:641		I_CD			0.0138266
00:02:39:762		I_CD			0.0136884
00:02:39:882		I_CD			0.0135515
00:02:40:003		I_CD			0.013416
00:02:40:124		I_CD			0.0132818
00:02:40:245		I_CD			0.013149
00:02:40:366		I_CD			0.0130175
00:02:40:487		I_CD			0.0128873
00:02:40:608		I_CD			0.0127584
00:02:40:729		I_CD			0.0126309
00:02:40:850		I_CD			0.0125045
00:02:40:970		I_CD			0.0123795
00:02:41:091		I_CD			0.0122557
00:02:41:212		I_CD			0.0121331
00:02:41:333		I_CD			0.0120118
00:02:41:454		I_CD			0.0118917
00:02:41:575		I_CD			0.0117728
00:02:41:696		I_CD			0.0116551
00:02:41:817		I_CD			0.0115385
00:02:41:938		I_CD			0.0114231
00:02:42:058		I_CD			0.0113089
00:02:42:179		I_CD			0.0111958
00:02:42:300		I_CD			0.0110838
00:02:42:421		I_CD			0.010973
00:02:42:542		I_CD			0.0108633
00:02:42:663		I_CD			0.0107546
00:02:42:784		I_CD			0.0106471
00:02:42:905		I_CD			0.0105406
00:02:43:026		I_CD			0.0104352
00:02:43:146		I_CD			0.0103309
00:02:43:267		I_CD			0.0102276
00:02:43:388		I_CD			0.0101253
00:02:43:509		I_CD			0.010024
00:02:43:630		I_CD			0.00992379
00:02:43:752		I_CD			0.00982379
00:02:43:875		I_CD			0.00972379
00:02:43:999		I_CD			0.00962379
00:02:44:125		I_CD			0.00952379
00:02:44:252		I_CD			0.00942379
00:02:44:380		I_CD			0.00932379
00:02:44:510		I_CD			0.00922379
00:02:44:641		I_CD			0.00912379
00:02:44:773		I_CD			0.00902379
00:02:44:907		I_CD			0.00892379
00:02:45:043		I_CD			0.00882379
00:02:45:180		I_CD			0.00872379
00:02:45:318		I_CD			0.00862379
00:02:45:458		I_CD			0.00852379
00:02:45:600		I_CD			0.00842379
00:02:45:744		I_CD			0.00832379
00:02:45:889		I_CD			0.00822379
00:02:46:036		I_CD			0.00812379
00:02:46:185		I_CD			0.00802379
00:02:46:335		I_CD			0.00792379
00:02:46:488		I_CD			0.00782379
00:02:46:643		I_CD			0.00772379
00:02:46:799		I_CD			0.00762379
00:02:46:958		I_CD			0.00752379
00:02:47:118		I_CD			0.00742379
00:02:47:281		I_CD			0.00732379
00:02:47:446		I_CD			0.00722379
00:02:47:614		I_CD			0.00712379
00:02:47:783		I_CD			0.00702379
00:02:47:955		I_CD			0.00692379
00:02:48:130		I_CD			0.00682379
00:02:48:307		I_CD			0.00672379
00:02:48:487		I_CD			0.00662379
00:02:48:669		I_CD			0.00652379
00:02:48:855		I_CD			0.00642379
00:02:49:043		I_CD			0.00632379
00:02:49:234		I_CD			0.00622379
00:02:49:428		I_CD			0.00612379
00:02:49:626		I_CD			0.00602379
00:02:49:826		I_CD			0.00592379
00:02:50:030		I_CD			0.00582379
00:02:50:238		I_CD			0.00572379
00:02:50:449		I_CD			0.00562379
00:02:50:664		I_CD			0.00552379
00:02:50:883		I_CD			0.00542379
00:02:51:106		I_CD			0.00532379
00:02:51:333		I_CD			0.00522379
00:02:51:564		I_CD			0.00512379
00:02:51:800		I_CD			0.00502379
00:02:52:041		I_CD			0.00492379
00:02:52:286		I_CD			0.00482379
00:02:52:537		I_CD			0.00472379
00:02:52:793		I_CD			0.00462379
00:02:53:054		I_CD			0.00452379
00:02:53:322		I_CD			0.00442379
00:02:53:595		I_CD			0.00432379
00:02:53:875		I_CD			0.00422379
00:02:54:161		I_CD			0.00412379
00:02:54:454		I_CD			0.00402379
00:02:54:754		I_CD			0.00392379
00:02:55:062		I_CD			0.00382379
00:02:55:379		I_CD			0.00372379
00:02:55:703		I_CD			0.00362379
00:02:56:037		I_CD			0.00352379
00:02:56:380		I_CD			0.00342379
00:02:56:733		I_CD			0.00332379
00:02:57:097		I_CD			0.00322379
00:02:57:472		I_CD			0.00312379
00:02:57:859		I_CD			0.00302379
00:02:58:258		I_CD			0.00292379
00:02:58:672		I_CD			0.00282379
00:02:59:100		I_CD			0.00272379
